-- phpMyAdmin SQL Dump
-- version 3.1.1
-- http://www.phpmyadmin.net
--
-- Host: localhost
-- Generation Time: Jan 05, 2010 at 09:02 PM
-- Server version: 5.1.30
-- PHP Version: 5.2.8

SET SQL_MODE="NO_AUTO_VALUE_ON_ZERO";


/*!40101 SET @OLD_CHARACTER_SET_CLIENT=@@CHARACTER_SET_CLIENT */;
/*!40101 SET @OLD_CHARACTER_SET_RESULTS=@@CHARACTER_SET_RESULTS */;
/*!40101 SET @OLD_COLLATION_CONNECTION=@@COLLATION_CONNECTION */;
/*!40101 SET NAMES utf8 */;

--
-- Database: `pa360`
--

-- --------------------------------------------------------

--
-- Table structure for table `alamat`
--

CREATE TABLE IF NOT EXISTS `alamat` (
  `ID_ALAMAT` int(10) NOT NULL AUTO_INCREMENT,
  `KODE_KARYAWAN` varchar(10) NOT NULL,
  `NAMA_ALAMAT` varchar(100) DEFAULT NULL,
  `KODE_POS` int(11) DEFAULT NULL,
  `KODE_AREA` int(11) DEFAULT NULL,
  `KOTA` varchar(30) DEFAULT NULL,
  `PROPINSI` varchar(30) DEFAULT NULL,
  PRIMARY KEY (`ID_ALAMAT`,`KODE_KARYAWAN`)
) ENGINE=MyISAM  DEFAULT CHARSET=latin1 AUTO_INCREMENT=13 ;

--
-- Dumping data for table `alamat`
--

INSERT INTO `alamat` (`ID_ALAMAT`, `KODE_KARYAWAN`, `NAMA_ALAMAT`, `KODE_POS`, `KODE_AREA`, `KOTA`, `PROPINSI`) VALUES
(1, 'k001', 'JLN SEMOLOWARU NO 124', 25, 555, 'SURABAYA', 'JATIM'),
(2, 'K002', 'JLN SENGSARA NO 3', 555, 25, 'SURABAYA', 'JATIM'),
(3, 'K003', 'JLN URIP NO 34', 555, 25, 'SURABAYA', 'JATIM'),
(4, 'k004', 'JLN KENJERAN NO 3000', 555, 25, 'SURABAYA', 'JATIM'),
(5, 'k005', 'JLN SEMAMPIR vA', 555, 25, 'SURABAYA', 'JATIM'),
(6, 'K006', 'JLN SIDOSERMO 34', 555, 25, 'SURABAYA', 'JATIM'),
(7, 'K007', 'JLN GIANYAR NO 454', 555, 25, 'SURABAYA', 'JATIM'),
(8, 'K008', 'JLN KEMBANG JEPUN 20', 555, 25, 'SURABAYA', 'JATIM'),
(9, 'k009', 'JLN MANDALA 23', 555, 25, 'SURABAYA', 'JATIM'),
(10, 'k010', 'JLN KUNIR NO 32', 555, 25, 'SURABAYA', 'JATIM'),
(11, 'K011', 'JLN IKAN KERAPU BAKAR WEENAK TENAN ', 555, 25, 'SURABAYA', 'JATIM'),
(1, 'K012', 'JLN UJUNG KULON NO55', 555, 25, 'SURABAYA', 'JATIM'),
(1, 'K013', 'JLN KENJERAN', 555, 25, 'SURABAYA', ''),
(1, 'K014', 'JLN NYAMPLUNGAN NO 45', 555, 25, 'SURABAYA', 'JATIM'),
(1, 'K015', 'JLN SEMAMPIR 20', 555, 25, 'SURABAYA', 'JATIM'),
(1, 'k016', 'JLN IMAM BONJOL', 555, 25, 'SURABAYA', 'JATIM'),
(1, 'K017', 'jln php no 69', 555, 25, 'MADIUN', 'JATIM'),
(1, 'k018', 'JLN IMANUDIN NO 90', 555, 25, 'SURABAYA', 'JATIM'),
(1, 'k019', 'JLN SEMAMPIR UTARA 123', 5555, 25, 'SUARABAYA', 'JATIM'),
(1, 'K020', 'JLN IRIAN NO 90', 555, 25, 'SURABAYA', 'JATIM'),
(1, 'K021', 'JLN AHMAD YANI  NO80', 555, 25, 'SURABAYA', 'JATIM'),
(1, 'K022', 'JLN PANJANG JIWO NO 67', 555, 25, 'SURABAYA', 'JATIM'),
(1, 'k023', 'JLN SEDATI', 555, 25, 'SUARABAYA', 'JATIM'),
(1, 'K024', 'JLN GEJAYAN NO 34', 555, 25, 'SURABAYA', 'JATIM'),
(1, 'K025', 'JLN TRINGGILIS NO 78', 555, 25, 'SURABAYA', 'JATIM'),
(1, 'K026', 'JLN KUNIR  NO 67', 555, 25, 'SURABAYA', 'JATIM'),
(1, 'K027', 'JLN KEDINDING 23', 555, 25, 'SURABAYA', 'JATIM'),
(1, 'K028', 'JLN BILITON NO 98', 555, 25, 'SURABAYA', 'JATIM'),
(1, 'K029', 'JLN SIWALANKERTO NO 76', 555, 25, 'SURABAYA', 'JATIM'),
(1, 'K030', 'JLN SWEDESI NO 78', 555, 25, 'SURABAYA', 'JATIM'),
(1, 'K031', 'jln sidosermo no 90', 555, 25, 'SURABAY', 'JATIM'),
(1, 'k032', 'JLN SIDOSERMO AIRDAS 34', 555, 25, 'SURABAYA', 'JATIM'),
(1, 'K033', 'JLN KEDITI 34', 555, 25, 'SURABAYA', 'JATIM'),
(1, 'K034', 'JLN KETINTANG NO 87', 555, 25, 'SURABAYA', 'JATIM'),
(1, 'K035', 'JLN SUDIRMAN NO 23', 555, 25, 'KEDIRI', 'JATIM'),
(1, 'K036', 'JLN AHMAD YANI 40', 555, 25, 'SURABAYA', 'JATIM'),
(1, 'K037', 'JLN SLAMET NO 34', 555, 31, 'surabaya', 'jatim');

-- --------------------------------------------------------

--
-- Table structure for table `bobot_level`
--

CREATE TABLE IF NOT EXISTS `bobot_level` (
  `ID_PERIODE` varchar(100) NOT NULL,
  `ID_LEVEL` varchar(10) NOT NULL,
  `NAMA_LEVEL` varchar(50) DEFAULT NULL,
  `DESKRIPSI` varchar(50) NOT NULL,
  `BOBOT` int(11) DEFAULT NULL,
  PRIMARY KEY (`ID_PERIODE`,`ID_LEVEL`)
) ENGINE=MyISAM DEFAULT CHARSET=latin1;

--
-- Dumping data for table `bobot_level`
--

INSERT INTO `bobot_level` (`ID_PERIODE`, `ID_LEVEL`, `NAMA_LEVEL`, `DESKRIPSI`, `BOBOT`) VALUES
('periode awal 2010', 'VC1', 'Vertical 1', '', 50),
('periode awal 2010', 'HZ1', 'Horizontal 1', '', 100),
('periode awal 2010', 'VC2', 'Vertical 2', '', 50),
('periode akhir 2010', 'HZ1', 'Horizontal 1', '', 50),
('periode akhir 2010', 'HZ2', 'Horizontal 2', '', 50),
('periode akhir 2010', 'VC1', 'Vertical 1', '', 50),
('periode akhir 2010', 'VC2', 'Vertical 2', '', 50);

-- --------------------------------------------------------

--
-- Table structure for table `data_department`
--

CREATE TABLE IF NOT EXISTS `data_department` (
  `ID_DEPARTMENT` varchar(10) NOT NULL,
  `NAMA_DEPARTMENT` varchar(30) DEFAULT NULL,
  PRIMARY KEY (`ID_DEPARTMENT`),
  UNIQUE KEY `STOR_81_PK` (`ID_DEPARTMENT`)
) ENGINE=MyISAM DEFAULT CHARSET=latin1;

--
-- Dumping data for table `data_department`
--

INSERT INTO `data_department` (`ID_DEPARTMENT`, `NAMA_DEPARTMENT`) VALUES
('DEP001', 'HUMAS'),
('DEP002', 'SEKRETARIS'),
('DEP003', 'PRODI S1 SISTEM INFORMASI'),
('DEP004', 'PRODI S1 SISTEM KOMPUTER'),
('DEP005', 'PRODI DIII MULTIMEDIA'),
('DEP006', 'PRODI DIII MI'),
('DEP007', 'PRODI DIII KPK'),
('DEP008', 'LK'),
('DEP009', 'BAGIAN PPM'),
('DEP010', 'BAGIAN PUS'),
('DEP011', 'BAGIAN AU'),
('DEP012', 'BAGIAN AAK'),
('DEP013', 'BAGIAN PPTI'),
('DEP014', 'BAGIAN PSDM'),
('DEP015', 'BAGIAN PENMARU'),
('DEP016', 'BAGIAN KMHS'),
('DEP017', 'SSI'),
('DEP018', 'BAGIAN BD'),
('DEP019', 'KENDALI MUTU'),
('DEP000', 'STIKOM'),
('DEP020', 'PRODI DIII KGC');

-- --------------------------------------------------------

--
-- Table structure for table `data_divisi`
--

CREATE TABLE IF NOT EXISTS `data_divisi` (
  `ID_DIVISI` varchar(10) NOT NULL,
  `NAMA_DIVISI` varchar(30) DEFAULT NULL,
  PRIMARY KEY (`ID_DIVISI`),
  UNIQUE KEY `STOR_82_PK` (`ID_DIVISI`)
) ENGINE=MyISAM DEFAULT CHARSET=latin1;

--
-- Dumping data for table `data_divisi`
--

INSERT INTO `data_divisi` (`ID_DIVISI`, `NAMA_DIVISI`) VALUES
('DIV001', 'PPKF'),
('DIV002', 'SDPC'),
('DIV003', 'SEKSII PENGEMBANGAN LAB'),
('DIV004', 'SEKSI ADMINISRASI'),
('DIV005', 'SEKSI KEUANGAN'),
('DIV006', 'SEKSI TEKNISI'),
('DIV007', 'SEKSI PENGADAAN'),
('DIV008', 'SEKSI PERAWATAN PERALATAN'),
('DIV009', 'SEKSI RUMAH TANGGA'),
('DIV010', 'SEKSI FRONT OFFICE'),
('DIV011', 'SEKSI BACK OFFICE'),
('DIV012', 'SEKSI PENGEMBANGAN JARINGAN'),
('DIV013', 'SEKSI PENGEMBANGAN SI'),
('DIV014', 'KEGITAN MAHASISWA'),
('DIV015', 'SCC'),
('DIV016', 'PPS'),
('DIV000', 'STIKOM');

-- --------------------------------------------------------

--
-- Table structure for table `data_golongan`
--

CREATE TABLE IF NOT EXISTS `data_golongan` (
  `ID_GOLONGAN` varchar(10) NOT NULL,
  `NAMA_GOLONGAN` varchar(50) DEFAULT NULL,
  PRIMARY KEY (`ID_GOLONGAN`),
  UNIQUE KEY `STOR_83_PK` (`ID_GOLONGAN`)
) ENGINE=MyISAM DEFAULT CHARSET=latin1;

--
-- Dumping data for table `data_golongan`
--

INSERT INTO `data_golongan` (`ID_GOLONGAN`, `NAMA_GOLONGAN`) VALUES
('GOL001', 'A1'),
('GOL002', 'A II'),
('GOL003', 'A III'),
('GOL004', 'B 1'),
('GOL005', 'B II');

-- --------------------------------------------------------

--
-- Table structure for table `data_jabatan`
--

CREATE TABLE IF NOT EXISTS `data_jabatan` (
  `ID_JABATAN` varchar(10) NOT NULL,
  `NAMA_JABATAN` varchar(50) DEFAULT NULL,
  `LEVEL_JABATAN` varchar(10) DEFAULT NULL,
  PRIMARY KEY (`ID_JABATAN`),
  UNIQUE KEY `STOR_84_PK` (`ID_JABATAN`)
) ENGINE=MyISAM DEFAULT CHARSET=latin1;

--
-- Dumping data for table `data_jabatan`
--

INSERT INTO `data_jabatan` (`ID_JABATAN`, `NAMA_JABATAN`, `LEVEL_JABATAN`) VALUES
('JAB001', 'KETUA STIKOM', '1.1'),
('JAB002', 'WAKIL KETUA I', '2.1'),
('JAB003', 'WAKIL KETUA II', '2.2'),
('JAB004', 'WAKIL KETUA III', '2.3'),
('JAB005', 'KEPALA BAGIAN HUMAS', '3.1'),
('JAB006', 'SEKERTARIS', '3.2'),
('JAB007', 'KETUA PROGRAM STUDI SI SISTEM INFORMASI', '4.1'),
('JAB008', 'KETUA PROGRAM STUDI SK', '4.2'),
('JAB009', 'KETUA  STUDI DIII MANAJEMEN INFORMATIKA', '4.3'),
('JAB010', 'KETUA STUDI DIII KOMPUTER MULTIMEDIA', '4.4'),
('JAB011', 'KETUA KOMPUTER AKUNTANSI', '4.5'),
('JAB012', 'KETUA DIII KOMPUTER GRAFIS DAN CETAK', '4.6'),
('JAB013', 'KETUA DIII KOMPUTERISASI  PERKANTORAN', '4.7'),
('JAB014', 'KEPALA BAGIAN LK', '4.8'),
('JAB015', 'KEPALA BAGIAN PPM', '4.9'),
('JAB016', 'KEPALA BAGIAN PUS', '4.10'),
('JAB027', 'SEKSI PPKF', '5.1'),
('JAB028', 'SEKSI PENGEMBANGAN LAB', '5.2'),
('JAB029', 'SEKSI KEUANGAN', '5.3'),
('JAB030', 'SEKSI FRONT OFFICE', '5.4'),
('JAB031', 'SEKSI PENGEMBANGAN JARINGAN', '5.5'),
('JAB032', 'SEKSI KEGIATAN MHS', '5.6'),
('JAB033', 'SEKSI PPS', '5.7'),
('JAB034', 'SEKSI SDPC', '6.1'),
('JAB035', 'SEKSI ADMINISTRASI', '6.2'),
('JAB036', 'SEKSI TEKNISI', '6.3'),
('JAB037', 'SEKSI BACK OFFICE', '6.4'),
('JAB038', 'SEKSI PENGEMBANGAN SI', '6.5'),
('JAB039', 'SEKSI SCC', '6.6'),
('JAB017', 'SEKSI PUS', '4.11'),
('JAB018', 'SEKSI BAGIAN AU', '4.12'),
('JAB019', 'SEKSI BAGIAN AAK', '4.13'),
('JAB020', 'SEKSI BAGIAN PPTI', '4.14'),
('JAB021', 'SEKSI BAGIAN PSDM', '4.15'),
('JAB022', 'SEKSI BAGIAN PENMARU', '4.16'),
('JAB023', 'SEKSI BAGIAN KMHS', '4.17'),
('JAB024', 'SEKSI BAGIAN SSI', '4.18'),
('JAB025', 'SEKSI BAGIAN BD', '4.19'),
('JAB026', 'SEKSI BAGIAN KENDALI MUTU', '4.20');

-- --------------------------------------------------------

--
-- Table structure for table `data_karyawan`
--

CREATE TABLE IF NOT EXISTS `data_karyawan` (
  `KODE_KARYAWAN` varchar(10) NOT NULL,
  `NAMA_KARYAWAN` varchar(50) DEFAULT NULL,
  `TEMPAT_LAHIR` varchar(50) DEFAULT NULL,
  `TANGGAL_LAHIR` date DEFAULT NULL,
  `JENIS_KELAMIN` int(11) DEFAULT NULL,
  `GOLONGAN_DARAH` varchar(5) DEFAULT NULL,
  `STATUS` varchar(30) DEFAULT NULL,
  `AGAMA` varchar(50) DEFAULT NULL,
  `EMAIL` varchar(30) DEFAULT NULL,
  `TANGGAL_MASUK` date DEFAULT NULL,
  `TANGGAL_KELUAR` date DEFAULT NULL,
  PRIMARY KEY (`KODE_KARYAWAN`),
  UNIQUE KEY `STOR_80_PK` (`KODE_KARYAWAN`)
) ENGINE=MyISAM DEFAULT CHARSET=latin1;

--
-- Dumping data for table `data_karyawan`
--

INSERT INTO `data_karyawan` (`KODE_KARYAWAN`, `NAMA_KARYAWAN`, `TEMPAT_LAHIR`, `TANGGAL_LAHIR`, `JENIS_KELAMIN`, `GOLONGAN_DARAH`, `STATUS`, `AGAMA`, `EMAIL`, `TANGGAL_MASUK`, `TANGGAL_KELUAR`) VALUES
('K001', 'Jangkung, MBA', 'yogjakarta', '1969-05-09', 0, 'B', 'K', 'K', 'JANGKUNG@YAHOO.CO.ID', '2008-01-31', '0000-00-00'),
('K002', 'SUDARSONO, MBA', 'KALIMANTAN', '1961-02-04', 0, 'O', 'K', 'I', 'SUDAR@YAHOO.CO.ID', '2002-01-31', '0000-00-00'),
('K003', 'SUDARMANTO, MMT', 'JAKARTA', '1960-11-04', 0, 'B', 'K', 'H', 'SUDAR@GMAIL.COM', '2006-02-02', '0000-00-00'),
('K004', 'MANZUR SAMANA, SKOM', 'KUPANG', '1960-02-06', 0, 'AB', 'DJ', 'I', 'P@YAHOO.CO.ID', '2002-05-17', '0000-00-00'),
('K005', 'ENDANG WIDYASTUTI, S.E.', 'BALI', '1980-02-07', 1, 'O', 'BK', 'I', 'ENDANG@GMAIL.COM', '2009-12-02', '0000-00-00'),
('K006', 'SITI ADAWIYA, SKOM,MMT', 'KEFAMENANU', '1981-04-30', 1, 'AB', 'K', 'I', 'R@YAHOO.CO.ID', '2002-09-14', '0000-00-00'),
('K007', 'I PUTU AGUS SWATIKA, M.KOM', 'BALI', '1962-07-11', 0, 'B', 'BK', 'H', 'AGUS@YAHOO.COM', '2006-02-02', '0000-00-00'),
('K008', 'TJI HOK HOO,S.T,M,SC', 'JEPANG', '1961-08-17', 0, 'AB', 'K', 'B', 'TJI@GMAIL.COM', '2002-05-16', '0000-00-00'),
('K009', 'A.B. TJANDRARINI,S.SI,M,SC', 'JOMBANG', '1985-05-10', 1, 'B', 'K', 'I', 'RINI@YAHOO.CO.ID', '2001-06-08', '0000-00-00'),
('K010', 'IR. HARDMAN BUDIARJO', 'SURABAYA', '1961-02-02', 0, 'B', 'BK', 'H', 'Y@YAHOO.COM', '2002-02-16', '0000-00-00'),
('K011', 'A.B TJANDRA, MKOM', 'KEDIRI', '1965-04-06', 0, 'B', 'K', 'H', 'CANDRA@YAHOO.OCM', '2002-05-17', '0000-00-00'),
('K012', 'KRISTIAN S.WATIMENA', 'UJUNG PANDANG', '1961-05-11', 0, 'A', 'K', 'I', 'IIN@YAHOO.CO.ID', '2001-02-01', '0000-00-00'),
('K013', 'GITA NURSINTQ', 'LAMONGAN', '1974-06-07', 1, 'AB', 'BK', 'I', 'GITA@YAHOO.COM', '2001-02-09', '0000-00-00'),
('K014', 'PANCA RAHARDIYANTO,SKOM', 'SIDOARJA', '1979-02-01', 0, 'B', 'K', 'I', 'PANCA@YAHOO.CO.ID', '2002-05-17', '0000-00-00'),
('K015', 'SOENDORO HERLAMBANG, SKOM', 'LAMPUNG', '1961-04-18', 0, 'B', 'K', 'K', 'DORO@YAHOO.COM', '2002-02-07', '0000-00-00'),
('K016', 'TRI SAGIRANI, SKOM', 'KEFAMENANU', '1965-08-19', 0, 'AB', 'K', 'K', 'TRI@YAHOO.CO.ID', '2009-12-04', '0000-00-00'),
('K017', 'TUTUT WIRJAYANTO,SKOM', 'MADIUN', '1991-01-31', 0, 'B', 'K', 'I', 'TUTUT@GMAIL.COM', '2001-02-09', '0000-00-00'),
('K018', 'TOMMY SANDS WUNGKAR, M.H', 'MATARAM', '1967-05-18', 0, 'AB', 'K', 'I', 'WUNGKAR@GMAIL.COM', '2005-05-12', '0000-00-00'),
('K019', 'JANUAR WIBOW, ST,M.M', 'LAMONGAN', '1967-05-11', 0, 'B', 'K', 'K', 'JANUAR@YAHOO.CO.ID', '2006-04-04', '0000-00-00'),
('K020', 'DRS ABDUL HALIMSAYAH', 'AMBON', '1925-08-20', 0, 'AB', 'K', 'I', 'HALIM@GMAIL.COM', '2001-05-17', '0000-00-00'),
('K021', 'PANTJAWATI SUDAR, SKOM', 'SURABAYA', '1968-05-10', 1, 'AB', 'K', 'I', 'PANCA@YAHOO.CO.ID', '2009-12-02', '0000-00-00'),
('K022', 'BUDI HERMAWAN, SKOM', 'SIDOARJO', '1961-08-24', 0, 'B', 'K', 'I', 'HER@YAHOO.CO.ID', '2009-12-06', '0000-00-00'),
('K023', 'JUSAK IRAWAN, PH,D', 'BLITAR', '1981-06-13', 0, 'B', 'K', 'I', 'JUSAK@YAHOO.CO.ID', '2009-12-01', '0000-00-00'),
('K024', 'IRWANSYAH, SKOM', 'MATARAM', '1966-08-25', 1, 'A', 'K', 'I', 'IR@YAHOO.CO.ID', '2009-12-06', '0000-00-00'),
('K025', 'SRIMULYANI', 'JAKARTA', '1967-11-30', 1, 'O', 'K', 'I', 'SRI@YAHOO.CO.ID', '2009-12-18', '2009-12-10'),
('K026', 'HERMANSYAH,SKOM', 'MALANG', '1960-12-29', 0, 'AB', 'BK', 'H', 'HER@YAHOO.CO.ID', '2009-12-05', '0000-00-00'),
('K027', 'IVAN ORDINARY, SKOM', 'BANDUNG', '1969-05-08', 0, 'B', 'K', 'I', 'IVAN@YAHOO.COM', '2008-02-01', '0000-00-00'),
('K028', 'RAMLAN, SE', 'YOGYAKARTA', '2008-05-06', 0, 'O', 'K', 'I', 'RAMLAN@YAHOO.CO.ID', '2002-02-01', '0000-00-00'),
('K029', 'AMIR,SKOM', 'JOMBANG', '1987-09-25', 0, 'AB', 'K', 'I', 'AMIR@YAHOO.CO.ID', '2002-05-09', '0000-00-00'),
('K030', 'MUHAMMAD RIZAL,SE', 'SURABAYA', '1980-08-14', 0, 'A', 'K', 'I', 'RIZAL@YAHOO.CO.ID', '2002-01-31', '0000-00-00'),
('K031', 'RIFKA ZAENAL ,SE', 'PADANG', '2007-05-17', 0, 'B', 'BK', 'B', 'RIFKA@YAHOO.CO.ID', '2008-05-08', '0000-00-00'),
('k032', 'MUHAMMAD IMAM KADAFI,SKOM', 'KEFAMENANU', '1980-05-15', 0, 'B', 'K', 'I', 'IMAM@YAHOO.CO.ID', '2007-05-10', '0000-00-00'),
('K033', 'HASNA,SE', 'KUPANG', '1993-05-06', 1, 'A', 'K', 'I', 'HASNA@YAHOO.CO.ID', '2008-05-08', '0000-00-00'),
('K034', 'AMELDA,SKOM', 'KEDIRI', '1980-04-08', 1, 'AB', 'K', 'I', 'MELDA@YAHOO.COM', '2007-05-17', '0000-00-00'),
('K035', 'WAHYU NOVIASTONO, SE', 'ATAMBUA', '1987-05-06', 0, 'B', 'K', 'I', 'WAHYU@YAHOO.CO.ID', '2010-01-01', '0000-00-00'),
('K036', 'ASSEGAF, SP', 'KEDIRI', '1966-11-30', 0, 'A', 'K', 'I', 'ASEE@YAHOO.CO.ID', '2010-01-13', '0000-00-00'),
('K037', 'IBNU RUSI, SKOM', 'BONTANG', '1980-04-14', 0, 'B', 'K', 'I', 'j@yahoo.co.id', '2010-01-07', '0000-00-00');

-- --------------------------------------------------------

--
-- Table structure for table `data_user`
--

CREATE TABLE IF NOT EXISTS `data_user` (
  `user_nama` varchar(10) NOT NULL,
  `user_password` varchar(50) NOT NULL COMMENT 'pake md5',
  `user_tipe` int(11) NOT NULL COMMENT '1=administrator, 2=user biasa',
  PRIMARY KEY (`user_nama`)
) ENGINE=MyISAM DEFAULT CHARSET=latin1;

--
-- Dumping data for table `data_user`
--

INSERT INTO `data_user` (`user_nama`, `user_password`, `user_tipe`) VALUES
('admin', '21232f297a57a5a743894a0e4a801fc3', 1),
('K002', 'bebc31106d79fcd3fa764015cc1e92a1', 2),
('K003', 'dfb5667bdff4741b8e14285ec97dbff8', 2),
('K001', '73e8b30aba2d0cf27b323a487cfec25e', 2),
('K004', '798e8344ad321b98dd90b9ea688dcd4c', 2),
('K005', '051171820bcd17d2f757bb1c01ab5734', 2),
('K006', 'e71a4976855867ccd08c643d491ee9d1', 2),
('K007', '4bed23525ccf4b9d760dd7c1664a9ad9', 2),
('K008', '489a13fb16d71aa2cb295c2d2349125b', 2),
('K009', 'ddb4f2a9c26b2af786450671e30b15f0', 2),
('K010', '1c88202962d5145dcdb589e7fb3d7425', 2),
('K012', '77b87459fe4254f013753da0598ee35e', 2),
('K013', '80453c5c2a94e624c457130870b2373d', 2),
('K014', '1bcc68d7830cb4daca6cc0f2b23555d3', 2),
('K015', '05120e2999da94e3d6fceea99b1c7f69', 2),
('K016', 'bb96fac1f1a16610473501e1dccecd2b', 2),
('K011', 'cdebffc5d8564fe5470d35fef477ff14', 2),
('K037', 'f9d25fadb08bf371a9d6d1fa40f9fbae', 2),
('K024', '2a38da524c47a16474e6021818534f35', 2),
('K025', 'd15a640279bdbb329622c2a33fe85619', 2),
('K031', 'd29806fcf2501d5242ef19903711a9cd', 2),
('K032', '465d985843d4c5037640792a3387b352', 2);

-- --------------------------------------------------------

--
-- Table structure for table `dep_divisi_jabatan`
--

CREATE TABLE IF NOT EXISTS `dep_divisi_jabatan` (
  `ID_DEP_DIV_JAB` varchar(25) NOT NULL,
  `ID_JABATAN` varchar(10) NOT NULL,
  `ID_DIVISI` varchar(10) NOT NULL,
  `ID_DEPARTMENT` varchar(10) NOT NULL,
  PRIMARY KEY (`ID_DEP_DIV_JAB`)
) ENGINE=MyISAM DEFAULT CHARSET=latin1;

--
-- Dumping data for table `dep_divisi_jabatan`
--

INSERT INTO `dep_divisi_jabatan` (`ID_DEP_DIV_JAB`, `ID_JABATAN`, `ID_DIVISI`, `ID_DEPARTMENT`) VALUES
('0.51562800 1262676731', 'JAB012', 'DIV001', 'DEP020'),
('0.20312900 1262241638', 'JAB001', 'DIV000', 'DEP000'),
('0.50000300 1262241962', 'JAB002', 'DIV000', 'DEP000'),
('0.96875300 1262242201', 'JAB003', 'DIV000', 'DEP000'),
('0.48437800 1262242570', 'JAB004', 'DIV000', 'DEP000'),
('0.68750300 1262242911', 'JAB005', 'DIV000', 'DEP001'),
('0.46875300 1262243062', 'JAB006', 'DIV000', 'DEP002'),
('0.62500300 1262243298', 'JAB007', 'DIV001', 'DEP003'),
('0.43750400 1262243521', 'JAB008', 'DIV000', 'DEP004'),
('0.35937800 1262243712', 'JAB009', 'DIV001', 'DEP006'),
('0.84375400 1262244040', 'JAB010', 'DIV000', 'DEP005'),
('0.78125300 1262244320', 'JAB011', 'DIV000', 'DEP000'),
('0.75000400 1262245436', 'JAB013', 'DIV000', 'DEP001'),
('0.64062900 1262245235', 'JAB014', 'DIV000', 'DEP008'),
('0.89062900 1262245284', 'JAB013', 'DIV000', 'DEP007'),
('0.28125300 1262245836', 'JAB015', 'DIV000', 'DEP009'),
('0.96875400 1262253836', 'JAB016', 'DIV000', 'DEP010'),
('0.81250400 1262255178', 'JAB020', 'DIV000', 'DEP013'),
('0.68750400 1262255708', 'JAB021', 'DIV000', 'DEP014'),
('0.79688000 1262259313', 'JAB022', 'DIV000', 'DEP015'),
('0.51562800 1262259512', 'JAB023', 'DIV000', 'DEP016'),
('0.79687900 1262259669', 'JAB024', 'DIV000', 'DEP017'),
('0.89062800 1262259849', 'JAB025', 'DIV000', 'DEP018'),
('0.78125300 1262260520', 'JAB026', 'DIV000', 'DEP019'),
('0.73437800 1262260761', 'JAB027', 'DIV001', 'DEP020'),
('0.68750300 1262260925', 'JAB028', 'DIV001', 'DEP008'),
('0.12500300 1262261091', 'JAB029', 'DIV005', 'DEP011'),
('0.21875300 1262305697', 'JAB030', 'DIV010', 'DEP012'),
('0.06250300 1262305826', 'JAB001', 'DIV012', 'DEP013'),
('0.53125300 1262307616', 'JAB032', 'DIV014', 'DEP016'),
('0.70312800 1262307748', 'JAB033', 'DIV016', 'DEP018'),
('0.79687800 1262308131', 'JAB034', 'DIV002', 'DEP020'),
('0.32812800 1262308430', 'JAB035', 'DIV004', 'DEP008'),
('0.73438600 1262308928', 'JAB036', 'DIV006', 'DEP011'),
('0.00000300 1262309070', 'JAB037', 'DIV011', 'DEP012'),
('0.53125300 1262309246', 'JAB038', 'DIV013', 'DEP013'),
('0.79687900 1262313006', 'JAB039', 'DIV015', 'DEP016');

-- --------------------------------------------------------

--
-- Table structure for table `deskripsi_bobot`
--

CREATE TABLE IF NOT EXISTS `deskripsi_bobot` (
  `NILAI` int(11) NOT NULL,
  `ID_DETAIL_KRITERIA` varchar(10) NOT NULL,
  `DESKRIPSI` varchar(100) DEFAULT NULL,
  PRIMARY KEY (`NILAI`,`ID_DETAIL_KRITERIA`)
) ENGINE=MyISAM DEFAULT CHARSET=latin1;

--
-- Dumping data for table `deskripsi_bobot`
--

INSERT INTO `deskripsi_bobot` (`NILAI`, `ID_DETAIL_KRITERIA`, `DESKRIPSI`) VALUES
(4, 'DET001', 'buruk'),
(3, 'DET001', 'sangat buruk'),
(1, 'DET001', 'sangat buruk, tidak bertanggung jawab'),
(8, 'DET001', 'baik'),
(5, 'DET001', 'kurang sekali'),
(7, 'DET001', 'cukup'),
(6, 'DET001', 'kurang'),
(2, 'DET001', 'sangat buruk'),
(9, 'DET001', 'sangat baik'),
(10, 'DET001', 'MANTAP'),
(4, 'DET002', 'buruk'),
(3, 'DET002', 'sangat buruk'),
(1, 'DET002', 'sangat buruk, tidak bertanggung jawab'),
(8, 'DET002', 'baik'),
(5, 'DET002', 'kurang sekali'),
(7, 'DET002', 'cukup'),
(6, 'DET002', 'kurang'),
(2, 'DET002', 'sangat buruk'),
(9, 'DET002', 'sangat baik'),
(10, 'DET002', 'MANTAP'),
(4, 'DET003', 'buruk'),
(3, 'DET003', 'sangat buruk'),
(1, 'DET003', 'sangat buruk, tidak bertanggung jawab'),
(8, 'DET003', 'baik'),
(5, 'DET003', 'kurang sekali'),
(7, 'DET003', 'cukup'),
(6, 'DET003', 'kurang'),
(2, 'DET003', 'sangat buruk'),
(9, 'DET003', 'sangat baik'),
(10, 'DET003', 'MANTAP'),
(4, 'DET004', 'buruk'),
(3, 'DET004', 'sangat buruk'),
(1, 'DET004', 'sangat buruk, tidak bertanggung jawab'),
(8, 'DET004', 'baik'),
(5, 'DET004', 'kurang sekali'),
(7, 'DET004', 'cukup'),
(6, 'DET004', 'kurang'),
(2, 'DET004', 'sangat buruk'),
(9, 'DET004', 'sangat baik'),
(10, 'DET004', 'MANTAP'),
(4, 'DET005', 'buruk'),
(3, 'DET005', 'sangat buruk'),
(1, 'DET005', 'sangat buruk, tidak bertanggung jawab'),
(8, 'DET005', 'baik'),
(5, 'DET005', 'kurang sekali'),
(7, 'DET005', 'cukup'),
(6, 'DET005', 'kurang'),
(2, 'DET005', 'sangat buruk'),
(9, 'DET005', 'sangat baik'),
(10, 'DET005', 'MANTAP'),
(4, 'DET006', 'buruk'),
(3, 'DET006', 'sangat buruk'),
(1, 'DET006', 'sangat buruk, tidak bertanggung jawab'),
(8, 'DET006', 'baik'),
(5, 'DET006', 'kurang sekali'),
(7, 'DET006', 'cukup'),
(6, 'DET006', 'kurang'),
(2, 'DET006', 'sangat buruk'),
(9, 'DET006', 'sangat baik'),
(10, 'DET006', 'MANTAP'),
(4, 'DET007', 'buruk'),
(3, 'DET007', 'sangat buruk'),
(1, 'DET007', 'sangat buruk, tidak bertanggung jawab'),
(8, 'DET007', 'baik'),
(5, 'DET007', 'kurang sekali'),
(7, 'DET007', 'cukup'),
(6, 'DET007', 'kurang'),
(2, 'DET007', 'sangat buruk'),
(9, 'DET007', 'sangat baik'),
(10, 'DET007', 'MANTAP'),
(4, 'DET008', 'buruk'),
(3, 'DET008', 'sangat buruk'),
(1, 'DET008', 'sangat buruk, tidak bertanggung jawab'),
(8, 'DET008', 'baik'),
(5, 'DET008', 'kurang sekali'),
(7, 'DET008', 'cukup'),
(6, 'DET008', 'kurang'),
(2, 'DET008', 'sangat buruk'),
(9, 'DET008', 'sangat baik'),
(10, 'DET008', 'MANTAP'),
(4, 'DET009', 'buruk'),
(3, 'DET009', 'sangat buruk'),
(1, 'DET009', 'sangat buruk, tidak bertanggung jawab'),
(8, 'DET009', 'baik'),
(5, 'DET009', 'kurang sekali'),
(7, 'DET009', 'cukup'),
(6, 'DET009', 'kurang'),
(2, 'DET009', 'sangat buruk'),
(9, 'DET009', 'sangat baik'),
(10, 'DET009', 'MANTAP'),
(4, 'DET010', 'buruk'),
(3, 'DET010', 'sangat buruk'),
(1, 'DET010', 'sangat buruk, tidak bertanggung jawab'),
(8, 'DET010', 'baik'),
(5, 'DET010', 'kurang sekali'),
(7, 'DET010', 'cukup'),
(6, 'DET010', 'kurang'),
(2, 'DET010', 'sangat buruk'),
(9, 'DET010', 'sangat baik'),
(10, 'DET010', 'MANTAP'),
(4, 'DET011', 'buruk'),
(3, 'DET011', 'sangat buruk'),
(1, 'DET011', 'sangat buruk, tidak bertanggung jawab'),
(8, 'DET011', 'baik'),
(5, 'DET011', 'kurang sekali'),
(7, 'DET011', 'cukup'),
(6, 'DET011', 'kurang'),
(2, 'DET011', 'sangat buruk'),
(9, 'DET011', 'sangat baik'),
(10, 'DET011', 'MANTAP');

-- --------------------------------------------------------

--
-- Table structure for table `detail_kriteria`
--

CREATE TABLE IF NOT EXISTS `detail_kriteria` (
  `ID_DETAIL_KRITERIA` varchar(10) NOT NULL,
  `ID_KRITERIA` varchar(10) DEFAULT NULL,
  `NAMA_DETAIL_KRITERIA` varchar(50) DEFAULT NULL,
  `DESKRIPSI` text,
  `BOBOT` int(11) DEFAULT NULL,
  PRIMARY KEY (`ID_DETAIL_KRITERIA`),
  UNIQUE KEY `STOR_393_PK` (`ID_DETAIL_KRITERIA`),
  KEY `RELATION_119_FK` (`ID_KRITERIA`)
) ENGINE=MyISAM DEFAULT CHARSET=latin1;

--
-- Dumping data for table `detail_kriteria`
--

INSERT INTO `detail_kriteria` (`ID_DETAIL_KRITERIA`, `ID_KRITERIA`, `NAMA_DETAIL_KRITERIA`, `DESKRIPSI`, `BOBOT`) VALUES
('DET001', 'KRIT001', 'KUALITAS', 'nilai 1 = sangat buruk, tidak  \n          bertanggung jawab\nnilai 2 = sangat buruk\nnilai 3 = sangat \nnilai 4 = buruk  \nnilai 5 = kurang sekali\nnilai 6 = kurang\nnilai 7 = cukup\nnilai 8 = baik\nnilai 9 = sangat baik\nnilai 10 = mantap', 70),
('DET002', 'KRIT001', 'KUANTITAS', 'nilai 1 = sangat buruk, tidak  \n          bertanggung jawab\nnilai 2 = sangat buruk\nnilai 3 = sangat \nnilai 4 = buruk  \nnilai 5 = kurang sekali\nnilai 6 = kurang\nnilai 7 = cukup\nnilai 8 = baik\nnilai 9 = sangat baik\nnilai 10 = mantap', 30),
('DET003', 'KRIT002', 'PENGETAHUAN + SKILL', 'nilai 1 = sangat buruk, tidak  \n          bertanggung jawab\nnilai 2 = sangat buruk\nnilai 3 = sangat \nnilai 4 = buruk  \nnilai 5 = kurang sekali\nnilai 6 = kurang\nnilai 7 = cukup\nnilai 8 = baik\nnilai 9 = sangat baik\nnilai 10 = mantap', 30),
('DET004', 'KRIT002', 'TANGGUNG JAWAB', 'nilai 1 = sangat buruk, tidak  \n          bertanggung jawab\nnilai 2 = sangat buruk\nnilai 3 = sangat \nnilai 4 = buruk  \nnilai 5 = kurang sekali\nnilai 6 = kurang\nnilai 7 = cukup\nnilai 8 = baik\nnilai 9 = sangat baik\nnilai 10 = mantap', 35),
('DET005', 'KRIT002', 'KOMUNIKASI DAN KERJASAMA', 'nilai 1 = sangat buruk, tidak  \n          bertanggung jawab\nnilai 2 = sangat buruk\nnilai 3 = sangat \nnilai 4 = buruk  \nnilai 5 = kurang sekali\nnilai 6 = kurang\nnilai 7 = cukup\nnilai 8 = baik\nnilai 9 = sangat baik\nnilai 10 = mantap', 35),
('DET006', 'KRIT003', 'MOTIVASI', 'nilai 1 = sangat buruk, tidak  \n          bertanggung jawab\nnilai 2 = sangat buruk\nnilai 3 = sangat \nnilai 4 = buruk  \nnilai 5 = kurang sekali\nnilai 6 = kurang\nnilai 7 = cukup\nnilai 8 = baik\nnilai 9 = sangat baik\nnilai 10 = mantap', 45),
('DET007', 'KRIT003', 'DISIPLIN', 'nilai 1 = sangat buruk, tidak  \n          bertanggung jawab\nnilai 2 = sangat buruk\nnilai 3 = sangat \nnilai 4 = buruk  \nnilai 5 = kurang sekali\nnilai 6 = kurang\nnilai 7 = cukup\nnilai 8 = baik\nnilai 9 = sangat baik\nnilai 10 = mantap', 55),
('DET008', 'KRIT004', 'PLANNING', 'nilai 1 = sangat buruk, tidak  \n          bertanggung jawab\nnilai 2 = sangat buruk\nnilai 3 = sangat \nnilai 4 = buruk  \nnilai 5 = kurang sekali\nnilai 6 = kurang\nnilai 7 = cukup\nnilai 8 = baik\nnilai 9 = sangat baik\nnilai 10 = mantap', 25),
('DET009', 'KRIT004', 'ORGANIZING', 'nilai 1 = sangat buruk, tidak  \n          bertanggung jawab\nnilai 2 = sangat buruk\nnilai 3 = sangat \nnilai 4 = buruk  \nnilai 5 = kurang sekali\nnilai 6 = kurang\nnilai 7 = cukup\nnilai 8 = baik\nnilai 9 = sangat baik\nnilai 10 = mantap', 25),
('DET010', 'KRIT004', 'ACTUATING', 'nilai 1 = sangat buruk, tidak  \n          bertanggung jawab\nnilai 2 = sangat buruk\nnilai 3 = sangat \nnilai 4 = buruk  \nnilai 5 = kurang sekali\nnilai 6 = kurang\nnilai 7 = cukup\nnilai 8 = baik\nnilai 9 = sangat baik\nnilai 10 = mantap', 25),
('DET011', 'KRIT004', 'CONTROLING', 'nilai 1 = sangat buruk, tidak  \n          bertanggung jawab\nnilai 2 = sangat buruk\nnilai 3 = sangat \nnilai 4 = buruk  \nnilai 5 = kurang sekali\nnilai 6 = kurang\nnilai 7 = cukup\nnilai 8 = baik\nnilai 9 = sangat baik\nnilai 10 = mantap', 25);

-- --------------------------------------------------------

--
-- Table structure for table `detil_bobot_level`
--

CREATE TABLE IF NOT EXISTS `detil_bobot_level` (
  `ID_PERIODE` varchar(100) NOT NULL,
  `ID_LEVEL` varchar(10) NOT NULL,
  `ID_KRITERIA` varchar(10) NOT NULL,
  PRIMARY KEY (`ID_PERIODE`,`ID_LEVEL`,`ID_KRITERIA`),
  KEY `FK_REF_11229` (`ID_KRITERIA`)
) ENGINE=MyISAM DEFAULT CHARSET=latin1;

--
-- Dumping data for table `detil_bobot_level`
--

INSERT INTO `detil_bobot_level` (`ID_PERIODE`, `ID_LEVEL`, `ID_KRITERIA`) VALUES
('periode akhir 2010', 'HZ1', 'KRIT001'),
('periode akhir 2010', 'HZ1', 'KRIT002'),
('periode akhir 2010', 'HZ1', 'KRIT003'),
('periode akhir 2010', 'HZ1', 'KRIT004'),
('periode akhir 2010', 'HZ2', 'KRIT001'),
('periode akhir 2010', 'HZ2', 'KRIT002'),
('periode akhir 2010', 'HZ2', 'KRIT003'),
('periode akhir 2010', 'HZ2', 'KRIT004'),
('periode akhir 2010', 'VC1', 'KRIT001'),
('periode akhir 2010', 'VC1', 'KRIT002'),
('periode akhir 2010', 'VC1', 'KRIT003'),
('periode akhir 2010', 'VC1', 'KRIT004'),
('periode akhir 2010', 'VC2', 'KRIT001'),
('periode akhir 2010', 'VC2', 'KRIT002'),
('periode akhir 2010', 'VC2', 'KRIT003'),
('periode akhir 2010', 'VC2', 'KRIT004'),
('PERIODE AW', 'VC2', 'KRIT002'),
('PERIODE AW', 'VC2', 'KRIT003'),
('PERIODE AW', 'VC2', 'KRIT004'),
('periode awal 2010', 'HZ1', 'KRIT001'),
('periode awal 2010', 'HZ1', 'KRIT002'),
('periode awal 2010', 'HZ1', 'KRIT003'),
('periode awal 2010', 'HZ1', 'KRIT004'),
('periode awal 2010', 'VC1', 'KRIT001'),
('periode awal 2010', 'VC1', 'KRIT002'),
('periode awal 2010', 'VC1', 'KRIT003'),
('periode awal 2010', 'VC1', 'KRIT004'),
('periode awal 2010', 'VC2', 'KRIT001'),
('periode awal 2010', 'VC2', 'KRIT002'),
('periode awal 2010', 'VC2', 'KRIT003'),
('periode awal 2010', 'VC2', 'KRIT004');

-- --------------------------------------------------------

--
-- Table structure for table `detil_status_karyawan`
--

CREATE TABLE IF NOT EXISTS `detil_status_karyawan` (
  `KODE_KARYAWAN` varchar(10) NOT NULL,
  `ID_STATUS_KARYAWAN` varchar(10) NOT NULL,
  `TGL_UPDATE_STATUS` timestamp NOT NULL DEFAULT CURRENT_TIMESTAMP ON UPDATE CURRENT_TIMESTAMP,
  PRIMARY KEY (`KODE_KARYAWAN`,`ID_STATUS_KARYAWAN`,`TGL_UPDATE_STATUS`),
  KEY `FK_REF_10792` (`ID_STATUS_KARYAWAN`)
) ENGINE=MyISAM DEFAULT CHARSET=latin1;

--
-- Dumping data for table `detil_status_karyawan`
--

INSERT INTO `detil_status_karyawan` (`KODE_KARYAWAN`, `ID_STATUS_KARYAWAN`, `TGL_UPDATE_STATUS`) VALUES
('k001', 'STAT001', '2009-12-31 13:51:25'),
('K002', 'STAT001', '2009-12-31 13:51:29'),
('K003', 'STAT001', '2009-12-31 13:51:30'),
('k004', 'STAT001', '2009-12-31 13:56:15'),
('k005', 'STAT001', '2009-12-31 14:01:58'),
('K006', 'STAT001', '2009-12-31 14:04:30'),
('K007', 'STAT001', '2009-12-31 14:08:24'),
('K008', 'STAT001', '2009-12-31 14:12:08'),
('k009', 'STAT001', '2009-12-31 14:21:06'),
('k009', 'STAT002', '2009-12-31 14:20:54'),
('k009', 'STAT006', '2009-12-31 14:26:01'),
('k010', 'STAT001', '2009-12-31 14:20:47'),
('K011', 'STAT001', '2009-12-31 14:25:25'),
('K011', 'STAT004', '2009-12-31 14:25:30'),
('K013', 'STAT001', '2009-12-31 14:36:30'),
('K013', 'STAT001', '2009-12-31 14:45:53'),
('K013', 'STAT006', '2009-12-31 14:45:40'),
('K014', 'STAT001', '2009-12-31 14:45:30'),
('K015', 'STAT001', '2009-12-31 14:50:23'),
('k016', 'STAT001', '2009-12-31 16:52:22'),
('k016', 'STAT001', '2009-12-31 17:04:01'),
('k019', 'STAT001', '2009-12-31 18:41:57'),
('K020', 'STAT001', '2009-12-31 18:41:56'),
('K021', 'STAT001', '2009-12-31 18:41:54'),
('K022', 'STAT001', '2009-12-31 18:44:15'),
('K024', 'STAT001', '2009-12-31 19:05:38'),
('K025', 'STAT001', '2009-12-31 19:05:36'),
('K026', 'STAT001', '2009-12-31 19:05:33'),
('K027', 'STAT001', '2010-01-01 08:30:22'),
('K028', 'STAT001', '2010-01-01 08:30:21'),
('K029', 'STAT001', '2010-01-01 08:30:14'),
('K029', 'STAT001', '2010-01-01 08:30:19'),
('K030', 'STAT001', '2010-01-01 08:30:07'),
('K031', 'STAT001', '2010-01-01 08:30:05'),
('k032', 'STAT001', '2010-01-01 08:30:04'),
('K033', 'STAT001', '2010-01-01 08:30:02'),
('K034', 'STAT001', '2010-01-01 08:30:00'),
('K035', 'STAT001', '2010-01-01 08:29:59'),
('K036', 'STAT001', '2010-01-01 08:29:56');

-- --------------------------------------------------------

--
-- Table structure for table `kriteria_penilaian`
--

CREATE TABLE IF NOT EXISTS `kriteria_penilaian` (
  `ID_KRITERIA` varchar(10) NOT NULL,
  `NAMA_KRITERIA` varchar(50) DEFAULT NULL,
  `DESKRIPSI` varchar(100) DEFAULT NULL,
  `BOBOT` int(11) DEFAULT NULL,
  PRIMARY KEY (`ID_KRITERIA`),
  UNIQUE KEY `STOR_395_PK` (`ID_KRITERIA`)
) ENGINE=MyISAM DEFAULT CHARSET=latin1;

--
-- Dumping data for table `kriteria_penilaian`
--

INSERT INTO `kriteria_penilaian` (`ID_KRITERIA`, `NAMA_KRITERIA`, `DESKRIPSI`, `BOBOT`) VALUES
('KRIT001', 'HASIL KERJA', '', 20),
('KRIT002', 'KUALITAS PERSONAL', '', 20),
('KRIT003', 'KEMAUAN / ATTITUDE', '', 20),
('KRIT004', 'KUALITAS MANAJERIAL', '', 40);

-- --------------------------------------------------------

--
-- Table structure for table `nilai_akhir`
--

CREATE TABLE IF NOT EXISTS `nilai_akhir` (
  `KODE_KARYAWAN` varchar(10) NOT NULL,
  `ID_PERIODE` varchar(100) NOT NULL,
  `ID_DEP_DIV_JAB` varchar(25) NOT NULL,
  `NILAI_AKHIR` int(11) DEFAULT NULL,
  PRIMARY KEY (`KODE_KARYAWAN`,`ID_PERIODE`,`ID_DEP_DIV_JAB`)
) ENGINE=MyISAM DEFAULT CHARSET=latin1;

--
-- Dumping data for table `nilai_akhir`
--

INSERT INTO `nilai_akhir` (`KODE_KARYAWAN`, `ID_PERIODE`, `ID_DEP_DIV_JAB`, `NILAI_AKHIR`) VALUES
('K008', 'periode awal 2010', '0.43750400 1262243521', 8),
('K007', 'periode awal 2010', '0.62500300 1262243298', 8),
('K010', 'periode awal 2010', '0.84375400 1262244040', 6),
('K005', 'periode awal 2010', '0.68750300 1262242911', 8),
('K006', 'periode awal 2010', '0.46875300 1262243062', 8),
('K014', 'periode awal 2010', '0.64062900 1262245235', 7),
('K025', 'periode awal 2010', '0.68750300 1262260925', 8),
('k032', 'periode awal 2010', '0.32812800 1262308430', 8),
('K015', 'periode awal 2010', '0.28125300 1262245836', 7),
('K016', 'periode awal 2010', '0.96875400 1262253836', 8),
('K024', 'periode awal 2010', '0.73437800 1262260761', 8),
('K009', 'periode awal 2010', '0.35937800 1262243712', 8),
('K012', 'periode awal 2010', '0.89062900 1262245284', 8),
('K037', 'periode awal 2010', '0.51562800 1262676731', 8),
('K031', 'periode awal 2010', '0.79687800 1262308131', 8),
('K005', 'periode akhir 2010', '0.68750300 1262242911', 8),
('K006', 'periode akhir 2010', '0.46875300 1262243062', 8),
('K007', 'periode akhir 2010', '0.62500300 1262243298', 8),
('K008', 'periode akhir 2010', '0.43750400 1262243521', 8),
('K010', 'periode akhir 2010', '0.84375400 1262244040', 8),
('K009', 'periode akhir 2010', '0.35937800 1262243712', 7),
('K012', 'periode akhir 2010', '0.89062900 1262245284', 8),
('K037', 'periode akhir 2010', '0.51562800 1262676731', 8),
('K014', 'periode akhir 2010', '0.64062900 1262245235', 8),
('K015', 'periode akhir 2010', '0.28125300 1262245836', 7),
('K016', 'periode akhir 2010', '0.96875400 1262253836', 8),
('K024', 'periode akhir 2010', '0.73437800 1262260761', 4),
('K031', 'periode akhir 2010', '0.79687800 1262308131', 6),
('K025', 'periode akhir 2010', '0.68750300 1262260925', 5),
('k032', 'periode akhir 2010', '0.32812800 1262308430', 7);

-- --------------------------------------------------------

--
-- Table structure for table `nilai_per_kinerja`
--

CREATE TABLE IF NOT EXISTS `nilai_per_kinerja` (
  `KODE_KARYAWAN` varchar(10) NOT NULL,
  `PENILAI` varchar(10) NOT NULL,
  `ID_PERIODE` varchar(100) NOT NULL,
  `ID_DEP_DIV_JAB` varchar(25) NOT NULL,
  `ID_DETAIL_KRITERIA` varchar(10) NOT NULL,
  `ID_LEVEL` varchar(10) NOT NULL,
  `NILAI` double DEFAULT NULL,
  PRIMARY KEY (`KODE_KARYAWAN`,`PENILAI`,`ID_PERIODE`,`ID_DEP_DIV_JAB`,`ID_DETAIL_KRITERIA`,`ID_LEVEL`)
) ENGINE=MyISAM DEFAULT CHARSET=latin1;

--
-- Dumping data for table `nilai_per_kinerja`
--

INSERT INTO `nilai_per_kinerja` (`KODE_KARYAWAN`, `PENILAI`, `ID_PERIODE`, `ID_DEP_DIV_JAB`, `ID_DETAIL_KRITERIA`, `ID_LEVEL`, `NILAI`) VALUES
('K008', 'K001', 'periode awal 2010', '0.43750400 1262243521', 'DET008', 'VC1', 0.25),
('K008', 'K001', 'periode awal 2010', '0.43750400 1262243521', 'DET007', 'VC1', 0.55),
('K008', 'K001', 'periode awal 2010', '0.43750400 1262243521', 'DET006', 'VC1', 0.45),
('K008', 'K001', 'periode awal 2010', '0.43750400 1262243521', 'DET005', 'VC1', 1.75),
('K008', 'K001', 'periode awal 2010', '0.43750400 1262243521', 'DET004', 'VC1', 3.15),
('K008', 'K001', 'periode awal 2010', '0.43750400 1262243521', 'DET003', 'VC1', 1.5),
('K008', 'K001', 'periode awal 2010', '0.43750400 1262243521', 'DET002', 'VC1', 1.8),
('K008', 'K001', 'periode awal 2010', '0.43750400 1262243521', 'DET001', 'VC1', 3.5),
('K008', 'K001', 'periode awal 2010', '0.43750400 1262243521', 'DET009', 'VC1', 0.25),
('K008', 'K001', 'periode awal 2010', '0.43750400 1262243521', 'DET010', 'VC1', 0.25),
('K008', 'K001', 'periode awal 2010', '0.43750400 1262243521', 'DET011', 'VC1', 0.25),
('K007', 'K001', 'periode awal 2010', '0.62500300 1262243298', 'DET001', 'VC1', 6.3),
('K007', 'K001', 'periode awal 2010', '0.62500300 1262243298', 'DET002', 'VC1', 2.7),
('K007', 'K001', 'periode awal 2010', '0.62500300 1262243298', 'DET003', 'VC1', 2.7),
('K007', 'K001', 'periode awal 2010', '0.62500300 1262243298', 'DET004', 'VC1', 3.15),
('K007', 'K001', 'periode awal 2010', '0.62500300 1262243298', 'DET005', 'VC1', 3.15),
('K007', 'K001', 'periode awal 2010', '0.62500300 1262243298', 'DET006', 'VC1', 4.05),
('K007', 'K001', 'periode awal 2010', '0.62500300 1262243298', 'DET007', 'VC1', 4.95),
('K007', 'K001', 'periode awal 2010', '0.62500300 1262243298', 'DET008', 'VC1', 2.25),
('K007', 'K001', 'periode awal 2010', '0.62500300 1262243298', 'DET009', 'VC1', 2.25),
('K007', 'K001', 'periode awal 2010', '0.62500300 1262243298', 'DET010', 'VC1', 2.25),
('K007', 'K001', 'periode awal 2010', '0.62500300 1262243298', 'DET011', 'VC1', 2.25),
('K010', 'K001', 'periode awal 2010', '0.84375400 1262244040', 'DET001', 'VC1', 4.9),
('K010', 'K001', 'periode awal 2010', '0.84375400 1262244040', 'DET002', 'VC1', 2.1),
('K010', 'K001', 'periode awal 2010', '0.84375400 1262244040', 'DET003', 'VC1', 2.1),
('K010', 'K001', 'periode awal 2010', '0.84375400 1262244040', 'DET004', 'VC1', 2.45),
('K010', 'K001', 'periode awal 2010', '0.84375400 1262244040', 'DET005', 'VC1', 2.45),
('K010', 'K001', 'periode awal 2010', '0.84375400 1262244040', 'DET006', 'VC1', 3.15),
('K010', 'K001', 'periode awal 2010', '0.84375400 1262244040', 'DET007', 'VC1', 4.4),
('K010', 'K001', 'periode awal 2010', '0.84375400 1262244040', 'DET008', 'VC1', 2),
('K010', 'K001', 'periode awal 2010', '0.84375400 1262244040', 'DET009', 'VC1', 2.25),
('K010', 'K001', 'periode awal 2010', '0.84375400 1262244040', 'DET010', 'VC1', 2.25),
('K010', 'K001', 'periode awal 2010', '0.84375400 1262244040', 'DET011', 'VC1', 2.25),
('K008', 'K002', 'periode awal 2010', '0.43750400 1262243521', 'DET001', 'VC2', 6.3),
('K008', 'K002', 'periode awal 2010', '0.43750400 1262243521', 'DET002', 'VC2', 2.7),
('K008', 'K002', 'periode awal 2010', '0.43750400 1262243521', 'DET003', 'VC2', 2.7),
('K008', 'K002', 'periode awal 2010', '0.43750400 1262243521', 'DET004', 'VC2', 3.15),
('K008', 'K002', 'periode awal 2010', '0.43750400 1262243521', 'DET005', 'VC2', 3.15),
('K008', 'K002', 'periode awal 2010', '0.43750400 1262243521', 'DET006', 'VC2', 4.05),
('K008', 'K002', 'periode awal 2010', '0.43750400 1262243521', 'DET007', 'VC2', 4.95),
('K008', 'K002', 'periode awal 2010', '0.43750400 1262243521', 'DET008', 'VC2', 2.25),
('K008', 'K002', 'periode awal 2010', '0.43750400 1262243521', 'DET009', 'VC2', 2.25),
('K008', 'K002', 'periode awal 2010', '0.43750400 1262243521', 'DET010', 'VC2', 2.25),
('K008', 'K002', 'periode awal 2010', '0.43750400 1262243521', 'DET011', 'VC2', 2.25),
('K007', 'K002', 'periode awal 2010', '0.62500300 1262243298', 'DET001', 'VC2', 5.6),
('K007', 'K002', 'periode awal 2010', '0.62500300 1262243298', 'DET002', 'VC2', 2.4),
('K007', 'K002', 'periode awal 2010', '0.62500300 1262243298', 'DET003', 'VC2', 2.4),
('K007', 'K002', 'periode awal 2010', '0.62500300 1262243298', 'DET004', 'VC2', 2.45),
('K007', 'K002', 'periode awal 2010', '0.62500300 1262243298', 'DET005', 'VC2', 2.8),
('K007', 'K002', 'periode awal 2010', '0.62500300 1262243298', 'DET006', 'VC2', 3.6),
('K007', 'K002', 'periode awal 2010', '0.62500300 1262243298', 'DET007', 'VC2', 5.5),
('K007', 'K002', 'periode awal 2010', '0.62500300 1262243298', 'DET008', 'VC2', 2.5),
('K007', 'K002', 'periode awal 2010', '0.62500300 1262243298', 'DET009', 'VC2', 2.5),
('K007', 'K002', 'periode awal 2010', '0.62500300 1262243298', 'DET010', 'VC2', 2.5),
('K007', 'K002', 'periode awal 2010', '0.62500300 1262243298', 'DET011', 'VC2', 2.5),
('K010', 'K002', 'periode awal 2010', '0.84375400 1262244040', 'DET001', 'VC2', 0.7),
('K010', 'K002', 'periode awal 2010', '0.84375400 1262244040', 'DET002', 'VC2', 0.3),
('K010', 'K002', 'periode awal 2010', '0.84375400 1262244040', 'DET003', 'VC2', 0.3),
('K010', 'K002', 'periode awal 2010', '0.84375400 1262244040', 'DET004', 'VC2', 0.35),
('K010', 'K002', 'periode awal 2010', '0.84375400 1262244040', 'DET005', 'VC2', 0.35),
('K010', 'K002', 'periode awal 2010', '0.84375400 1262244040', 'DET006', 'VC2', 0.45),
('K010', 'K002', 'periode awal 2010', '0.84375400 1262244040', 'DET007', 'VC2', 0.55),
('K010', 'K002', 'periode awal 2010', '0.84375400 1262244040', 'DET008', 'VC2', 0.25),
('K010', 'K002', 'periode awal 2010', '0.84375400 1262244040', 'DET009', 'VC2', 0.25),
('K010', 'K002', 'periode awal 2010', '0.84375400 1262244040', 'DET010', 'VC2', 0.25),
('K010', 'K002', 'periode awal 2010', '0.84375400 1262244040', 'DET011', 'VC2', 0.25),
('K008', 'K010', 'periode awal 2010', '0.43750400 1262243521', 'DET001', 'HZ1', 7),
('K008', 'K010', 'periode awal 2010', '0.43750400 1262243521', 'DET002', 'HZ1', 3),
('K008', 'K010', 'periode awal 2010', '0.43750400 1262243521', 'DET003', 'HZ1', 3),
('K008', 'K010', 'periode awal 2010', '0.43750400 1262243521', 'DET004', 'HZ1', 3.5),
('K008', 'K010', 'periode awal 2010', '0.43750400 1262243521', 'DET005', 'HZ1', 3.5),
('K008', 'K010', 'periode awal 2010', '0.43750400 1262243521', 'DET006', 'HZ1', 4.5),
('K008', 'K010', 'periode awal 2010', '0.43750400 1262243521', 'DET007', 'HZ1', 5.5),
('K008', 'K010', 'periode awal 2010', '0.43750400 1262243521', 'DET008', 'HZ1', 2.5),
('K008', 'K010', 'periode awal 2010', '0.43750400 1262243521', 'DET009', 'HZ1', 2.5),
('K008', 'K010', 'periode awal 2010', '0.43750400 1262243521', 'DET010', 'HZ1', 2.5),
('K008', 'K010', 'periode awal 2010', '0.43750400 1262243521', 'DET011', 'HZ1', 2.5),
('K007', 'K008', 'periode awal 2010', '0.62500300 1262243298', 'DET001', 'HZ1', 4.9),
('K007', 'K008', 'periode awal 2010', '0.62500300 1262243298', 'DET002', 'HZ1', 2.1),
('K007', 'K008', 'periode awal 2010', '0.62500300 1262243298', 'DET003', 'HZ1', 2.1),
('K007', 'K008', 'periode awal 2010', '0.62500300 1262243298', 'DET004', 'HZ1', 2.45),
('K007', 'K008', 'periode awal 2010', '0.62500300 1262243298', 'DET005', 'HZ1', 2.45),
('K007', 'K008', 'periode awal 2010', '0.62500300 1262243298', 'DET006', 'HZ1', 3.15),
('K007', 'K008', 'periode awal 2010', '0.62500300 1262243298', 'DET007', 'HZ1', 3.85),
('K007', 'K008', 'periode awal 2010', '0.62500300 1262243298', 'DET008', 'HZ1', 1.75),
('K007', 'K008', 'periode awal 2010', '0.62500300 1262243298', 'DET009', 'HZ1', 1.75),
('K007', 'K008', 'periode awal 2010', '0.62500300 1262243298', 'DET010', 'HZ1', 1.75),
('K007', 'K008', 'periode awal 2010', '0.62500300 1262243298', 'DET011', 'HZ1', 1.75),
('K010', 'K012', 'periode awal 2010', '0.84375400 1262244040', 'DET001', 'HZ1', 4.9),
('K010', 'K012', 'periode awal 2010', '0.84375400 1262244040', 'DET002', 'HZ1', 2.1),
('K010', 'K012', 'periode awal 2010', '0.84375400 1262244040', 'DET003', 'HZ1', 2.4),
('K010', 'K012', 'periode awal 2010', '0.84375400 1262244040', 'DET004', 'HZ1', 2.8),
('K010', 'K012', 'periode awal 2010', '0.84375400 1262244040', 'DET005', 'HZ1', 2.8),
('K010', 'K012', 'periode awal 2010', '0.84375400 1262244040', 'DET006', 'HZ1', 3.6),
('K010', 'K012', 'periode awal 2010', '0.84375400 1262244040', 'DET007', 'HZ1', 4.4),
('K010', 'K012', 'periode awal 2010', '0.84375400 1262244040', 'DET008', 'HZ1', 2),
('K010', 'K012', 'periode awal 2010', '0.84375400 1262244040', 'DET009', 'HZ1', 2.25),
('K010', 'K012', 'periode awal 2010', '0.84375400 1262244040', 'DET010', 'HZ1', 2),
('K010', 'K012', 'periode awal 2010', '0.84375400 1262244040', 'DET011', 'HZ1', 1.75),
('K015', 'K001', 'periode awal 2010', '0.28125300 1262245836', 'DET001', 'VC1', 4.9),
('K015', 'K001', 'periode awal 2010', '0.28125300 1262245836', 'DET002', 'VC1', 1.8),
('K015', 'K001', 'periode awal 2010', '0.28125300 1262245836', 'DET003', 'VC1', 2.4),
('K015', 'K001', 'periode awal 2010', '0.28125300 1262245836', 'DET004', 'VC1', 2.45),
('K015', 'K001', 'periode awal 2010', '0.28125300 1262245836', 'DET005', 'VC1', 2.1),
('K015', 'K001', 'periode awal 2010', '0.28125300 1262245836', 'DET006', 'VC1', 3.6),
('K015', 'K001', 'periode awal 2010', '0.28125300 1262245836', 'DET007', 'VC1', 2.75),
('K015', 'K001', 'periode awal 2010', '0.28125300 1262245836', 'DET008', 'VC1', 2),
('K015', 'K001', 'periode awal 2010', '0.28125300 1262245836', 'DET009', 'VC1', 1.75),
('K015', 'K001', 'periode awal 2010', '0.28125300 1262245836', 'DET010', 'VC1', 2.5),
('K015', 'K001', 'periode awal 2010', '0.28125300 1262245836', 'DET011', 'VC1', 2.5),
('k032', 'K001', 'periode awal 2010', '0.32812800 1262308430', 'DET001', 'VC1', 5.6),
('k032', 'K001', 'periode awal 2010', '0.32812800 1262308430', 'DET002', 'VC1', 2.4),
('k032', 'K001', 'periode awal 2010', '0.32812800 1262308430', 'DET003', 'VC1', 2.7),
('k032', 'K001', 'periode awal 2010', '0.32812800 1262308430', 'DET004', 'VC1', 2.45),
('k032', 'K001', 'periode awal 2010', '0.32812800 1262308430', 'DET005', 'VC1', 2.1),
('k032', 'K001', 'periode awal 2010', '0.32812800 1262308430', 'DET006', 'VC1', 4.05),
('k032', 'K001', 'periode awal 2010', '0.32812800 1262308430', 'DET007', 'VC1', 4.4),
('k032', 'K001', 'periode awal 2010', '0.32812800 1262308430', 'DET008', 'VC1', 2.5),
('k032', 'K001', 'periode awal 2010', '0.32812800 1262308430', 'DET009', 'VC1', 2.5),
('k032', 'K001', 'periode awal 2010', '0.32812800 1262308430', 'DET010', 'VC1', 2.5),
('k032', 'K001', 'periode awal 2010', '0.32812800 1262308430', 'DET011', 'VC1', 2.5),
('K006', 'K001', 'periode awal 2010', '0.46875300 1262243062', 'DET001', 'VC1', 5.6),
('K006', 'K001', 'periode awal 2010', '0.46875300 1262243062', 'DET002', 'VC1', 2.4),
('K006', 'K001', 'periode awal 2010', '0.46875300 1262243062', 'DET003', 'VC1', 2.7),
('K006', 'K001', 'periode awal 2010', '0.46875300 1262243062', 'DET004', 'VC1', 2.8),
('K006', 'K001', 'periode awal 2010', '0.46875300 1262243062', 'DET005', 'VC1', 2.45),
('K006', 'K001', 'periode awal 2010', '0.46875300 1262243062', 'DET006', 'VC1', 3.15),
('K006', 'K001', 'periode awal 2010', '0.46875300 1262243062', 'DET007', 'VC1', 4.95),
('K006', 'K001', 'periode awal 2010', '0.46875300 1262243062', 'DET008', 'VC1', 1.5),
('K006', 'K001', 'periode awal 2010', '0.46875300 1262243062', 'DET009', 'VC1', 1.75),
('K006', 'K001', 'periode awal 2010', '0.46875300 1262243062', 'DET010', 'VC1', 2),
('K006', 'K001', 'periode awal 2010', '0.46875300 1262243062', 'DET011', 'VC1', 2.25),
('K014', 'K001', 'periode awal 2010', '0.64062900 1262245235', 'DET001', 'VC1', 4.9),
('K014', 'K001', 'periode awal 2010', '0.64062900 1262245235', 'DET002', 'VC1', 1.8),
('K014', 'K001', 'periode awal 2010', '0.64062900 1262245235', 'DET003', 'VC1', 2.4),
('K014', 'K001', 'periode awal 2010', '0.64062900 1262245235', 'DET004', 'VC1', 2.45),
('K014', 'K001', 'periode awal 2010', '0.64062900 1262245235', 'DET005', 'VC1', 2.45),
('K014', 'K001', 'periode awal 2010', '0.64062900 1262245235', 'DET006', 'VC1', 4.05),
('K014', 'K001', 'periode awal 2010', '0.64062900 1262245235', 'DET007', 'VC1', 4.4),
('K014', 'K001', 'periode awal 2010', '0.64062900 1262245235', 'DET008', 'VC1', 1.5),
('K014', 'K001', 'periode awal 2010', '0.64062900 1262245235', 'DET009', 'VC1', 2),
('K014', 'K001', 'periode awal 2010', '0.64062900 1262245235', 'DET010', 'VC1', 2),
('K014', 'K001', 'periode awal 2010', '0.64062900 1262245235', 'DET011', 'VC1', 2.25),
('K005', 'K001', 'periode awal 2010', '0.68750300 1262242911', 'DET001', 'VC1', 5.6),
('K005', 'K001', 'periode awal 2010', '0.68750300 1262242911', 'DET002', 'VC1', 2.1),
('K005', 'K001', 'periode awal 2010', '0.68750300 1262242911', 'DET003', 'VC1', 2.4),
('K005', 'K001', 'periode awal 2010', '0.68750300 1262242911', 'DET004', 'VC1', 3.15),
('K005', 'K001', 'periode awal 2010', '0.68750300 1262242911', 'DET005', 'VC1', 2.45),
('K005', 'K001', 'periode awal 2010', '0.68750300 1262242911', 'DET006', 'VC1', 3.6),
('K005', 'K001', 'periode awal 2010', '0.68750300 1262242911', 'DET007', 'VC1', 4.4),
('K005', 'K001', 'periode awal 2010', '0.68750300 1262242911', 'DET008', 'VC1', 2.25),
('K005', 'K001', 'periode awal 2010', '0.68750300 1262242911', 'DET009', 'VC1', 1.5),
('K005', 'K001', 'periode awal 2010', '0.68750300 1262242911', 'DET010', 'VC1', 1.75),
('K005', 'K001', 'periode awal 2010', '0.68750300 1262242911', 'DET011', 'VC1', 0.75),
('K025', 'K001', 'periode awal 2010', '0.68750300 1262260925', 'DET001', 'VC1', 5.6),
('K025', 'K001', 'periode awal 2010', '0.68750300 1262260925', 'DET002', 'VC1', 2.1),
('K025', 'K001', 'periode awal 2010', '0.68750300 1262260925', 'DET003', 'VC1', 2.1),
('K025', 'K001', 'periode awal 2010', '0.68750300 1262260925', 'DET004', 'VC1', 2.1),
('K025', 'K001', 'periode awal 2010', '0.68750300 1262260925', 'DET005', 'VC1', 2.45),
('K025', 'K001', 'periode awal 2010', '0.68750300 1262260925', 'DET006', 'VC1', 3.6),
('K025', 'K001', 'periode awal 2010', '0.68750300 1262260925', 'DET007', 'VC1', 4.95),
('K025', 'K001', 'periode awal 2010', '0.68750300 1262260925', 'DET008', 'VC1', 1.25),
('K025', 'K001', 'periode awal 2010', '0.68750300 1262260925', 'DET009', 'VC1', 1.5),
('K025', 'K001', 'periode awal 2010', '0.68750300 1262260925', 'DET010', 'VC1', 2),
('K025', 'K001', 'periode awal 2010', '0.68750300 1262260925', 'DET011', 'VC1', 2),
('K024', 'K001', 'periode awal 2010', '0.73437800 1262260761', 'DET001', 'VC1', 4.9),
('K024', 'K001', 'periode awal 2010', '0.73437800 1262260761', 'DET002', 'VC1', 2.1),
('K024', 'K001', 'periode awal 2010', '0.73437800 1262260761', 'DET003', 'VC1', 2.4),
('K024', 'K001', 'periode awal 2010', '0.73437800 1262260761', 'DET004', 'VC1', 2.8),
('K024', 'K001', 'periode awal 2010', '0.73437800 1262260761', 'DET005', 'VC1', 2.8),
('K024', 'K001', 'periode awal 2010', '0.73437800 1262260761', 'DET006', 'VC1', 4.05),
('K024', 'K001', 'periode awal 2010', '0.73437800 1262260761', 'DET007', 'VC1', 4.95),
('K024', 'K001', 'periode awal 2010', '0.73437800 1262260761', 'DET008', 'VC1', 2.5),
('K024', 'K001', 'periode awal 2010', '0.73437800 1262260761', 'DET009', 'VC1', 2.5),
('K024', 'K001', 'periode awal 2010', '0.73437800 1262260761', 'DET010', 'VC1', 2.5),
('K024', 'K001', 'periode awal 2010', '0.73437800 1262260761', 'DET011', 'VC1', 2.5),
('K016', 'K001', 'periode awal 2010', '0.96875400 1262253836', 'DET001', 'VC1', 5.6),
('K016', 'K001', 'periode awal 2010', '0.96875400 1262253836', 'DET002', 'VC1', 2.4),
('K016', 'K001', 'periode awal 2010', '0.96875400 1262253836', 'DET003', 'VC1', 2.7),
('K016', 'K001', 'periode awal 2010', '0.96875400 1262253836', 'DET004', 'VC1', 2.8),
('K016', 'K001', 'periode awal 2010', '0.96875400 1262253836', 'DET005', 'VC1', 3.15),
('K016', 'K001', 'periode awal 2010', '0.96875400 1262253836', 'DET006', 'VC1', 4.05),
('K016', 'K001', 'periode awal 2010', '0.96875400 1262253836', 'DET007', 'VC1', 4.95),
('K016', 'K001', 'periode awal 2010', '0.96875400 1262253836', 'DET008', 'VC1', 2.25),
('K016', 'K001', 'periode awal 2010', '0.96875400 1262253836', 'DET009', 'VC1', 2.25),
('K016', 'K001', 'periode awal 2010', '0.96875400 1262253836', 'DET010', 'VC1', 2),
('K016', 'K001', 'periode awal 2010', '0.96875400 1262253836', 'DET011', 'VC1', 1.75),
('k032', 'K001', 'periode awal 2010', '0.32812800 1262308430', 'DET001', 'VC2', 5.6),
('k032', 'K001', 'periode awal 2010', '0.32812800 1262308430', 'DET002', 'VC2', 0.3),
('k032', 'K001', 'periode awal 2010', '0.32812800 1262308430', 'DET003', 'VC2', 2.1),
('k032', 'K001', 'periode awal 2010', '0.32812800 1262308430', 'DET004', 'VC2', 2.1),
('k032', 'K001', 'periode awal 2010', '0.32812800 1262308430', 'DET005', 'VC2', 2.45),
('k032', 'K001', 'periode awal 2010', '0.32812800 1262308430', 'DET006', 'VC2', 3.6),
('k032', 'K001', 'periode awal 2010', '0.32812800 1262308430', 'DET007', 'VC2', 4.4),
('k032', 'K001', 'periode awal 2010', '0.32812800 1262308430', 'DET008', 'VC2', 2),
('k032', 'K001', 'periode awal 2010', '0.32812800 1262308430', 'DET009', 'VC2', 1.75),
('k032', 'K001', 'periode awal 2010', '0.32812800 1262308430', 'DET010', 'VC2', 2),
('k032', 'K001', 'periode awal 2010', '0.32812800 1262308430', 'DET011', 'VC2', 2.25),
('K005', 'K001', 'periode awal 2010', '0.68750300 1262242911', 'DET001', 'VC2', 6.3),
('K005', 'K001', 'periode awal 2010', '0.68750300 1262242911', 'DET002', 'VC2', 2.4),
('K005', 'K001', 'periode awal 2010', '0.68750300 1262242911', 'DET003', 'VC2', 2.7),
('K005', 'K001', 'periode awal 2010', '0.68750300 1262242911', 'DET004', 'VC2', 2.8),
('K005', 'K001', 'periode awal 2010', '0.68750300 1262242911', 'DET005', 'VC2', 2.45),
('K005', 'K001', 'periode awal 2010', '0.68750300 1262242911', 'DET006', 'VC2', 4.05),
('K005', 'K001', 'periode awal 2010', '0.68750300 1262242911', 'DET007', 'VC2', 5.5),
('K005', 'K001', 'periode awal 2010', '0.68750300 1262242911', 'DET008', 'VC2', 2.5),
('K005', 'K001', 'periode awal 2010', '0.68750300 1262242911', 'DET009', 'VC2', 2.25),
('K005', 'K001', 'periode awal 2010', '0.68750300 1262242911', 'DET010', 'VC2', 2.25),
('K005', 'K001', 'periode awal 2010', '0.68750300 1262242911', 'DET011', 'VC2', 2.25),
('K015', 'K002', 'periode awal 2010', '0.28125300 1262245836', 'DET001', 'VC2', 4.9),
('K015', 'K002', 'periode awal 2010', '0.28125300 1262245836', 'DET002', 'VC2', 2.4),
('K015', 'K002', 'periode awal 2010', '0.28125300 1262245836', 'DET003', 'VC2', 2.4),
('K015', 'K002', 'periode awal 2010', '0.28125300 1262245836', 'DET004', 'VC2', 2.45),
('K015', 'K002', 'periode awal 2010', '0.28125300 1262245836', 'DET005', 'VC2', 2.45),
('K015', 'K002', 'periode awal 2010', '0.28125300 1262245836', 'DET006', 'VC2', 3.6),
('K015', 'K002', 'periode awal 2010', '0.28125300 1262245836', 'DET007', 'VC2', 4.95),
('K015', 'K002', 'periode awal 2010', '0.28125300 1262245836', 'DET008', 'VC2', 2),
('K015', 'K002', 'periode awal 2010', '0.28125300 1262245836', 'DET009', 'VC2', 1.75),
('K015', 'K002', 'periode awal 2010', '0.28125300 1262245836', 'DET010', 'VC2', 1.5),
('K015', 'K002', 'periode awal 2010', '0.28125300 1262245836', 'DET011', 'VC2', 2),
('K006', 'K002', 'periode awal 2010', '0.46875300 1262243062', 'DET001', 'VC2', 5.6),
('K006', 'K002', 'periode awal 2010', '0.46875300 1262243062', 'DET002', 'VC2', 2.1),
('K006', 'K002', 'periode awal 2010', '0.46875300 1262243062', 'DET003', 'VC2', 2.4),
('K006', 'K002', 'periode awal 2010', '0.46875300 1262243062', 'DET004', 'VC2', 2.45),
('K006', 'K002', 'periode awal 2010', '0.46875300 1262243062', 'DET005', 'VC2', 2.8),
('K006', 'K002', 'periode awal 2010', '0.46875300 1262243062', 'DET006', 'VC2', 2.7),
('K006', 'K002', 'periode awal 2010', '0.46875300 1262243062', 'DET007', 'VC2', 3.85),
('K006', 'K002', 'periode awal 2010', '0.46875300 1262243062', 'DET008', 'VC2', 2),
('K006', 'K002', 'periode awal 2010', '0.46875300 1262243062', 'DET009', 'VC2', 1.75),
('K006', 'K002', 'periode awal 2010', '0.46875300 1262243062', 'DET010', 'VC2', 1.5),
('K006', 'K002', 'periode awal 2010', '0.46875300 1262243062', 'DET011', 'VC2', 2.25),
('K014', 'K002', 'periode awal 2010', '0.64062900 1262245235', 'DET001', 'VC2', 5.6),
('K014', 'K002', 'periode awal 2010', '0.64062900 1262245235', 'DET002', 'VC2', 2.1),
('K014', 'K002', 'periode awal 2010', '0.64062900 1262245235', 'DET003', 'VC2', 2.1),
('K014', 'K002', 'periode awal 2010', '0.64062900 1262245235', 'DET004', 'VC2', 2.45),
('K014', 'K002', 'periode awal 2010', '0.64062900 1262245235', 'DET005', 'VC2', 2.8),
('K014', 'K002', 'periode awal 2010', '0.64062900 1262245235', 'DET006', 'VC2', 3.6),
('K014', 'K002', 'periode awal 2010', '0.64062900 1262245235', 'DET007', 'VC2', 3.85),
('K014', 'K002', 'periode awal 2010', '0.64062900 1262245235', 'DET008', 'VC2', 2.25),
('K014', 'K002', 'periode awal 2010', '0.64062900 1262245235', 'DET009', 'VC2', 2.25),
('K014', 'K002', 'periode awal 2010', '0.64062900 1262245235', 'DET010', 'VC2', 2.25),
('K014', 'K002', 'periode awal 2010', '0.64062900 1262245235', 'DET011', 'VC2', 2.25),
('K025', 'K002', 'periode awal 2010', '0.68750300 1262260925', 'DET001', 'VC2', 6.3),
('K025', 'K002', 'periode awal 2010', '0.68750300 1262260925', 'DET002', 'VC2', 2.4),
('K025', 'K002', 'periode awal 2010', '0.68750300 1262260925', 'DET003', 'VC2', 2.1),
('K025', 'K002', 'periode awal 2010', '0.68750300 1262260925', 'DET004', 'VC2', 2.8),
('K025', 'K002', 'periode awal 2010', '0.68750300 1262260925', 'DET005', 'VC2', 3.15),
('K025', 'K002', 'periode awal 2010', '0.68750300 1262260925', 'DET006', 'VC2', 3.6),
('K025', 'K002', 'periode awal 2010', '0.68750300 1262260925', 'DET007', 'VC2', 4.4),
('K025', 'K002', 'periode awal 2010', '0.68750300 1262260925', 'DET008', 'VC2', 2.25),
('K025', 'K002', 'periode awal 2010', '0.68750300 1262260925', 'DET009', 'VC2', 2),
('K025', 'K002', 'periode awal 2010', '0.68750300 1262260925', 'DET010', 'VC2', 1.75),
('K025', 'K002', 'periode awal 2010', '0.68750300 1262260925', 'DET011', 'VC2', 1.5),
('K024', 'K002', 'periode awal 2010', '0.73437800 1262260761', 'DET001', 'VC2', 5.6),
('K024', 'K002', 'periode awal 2010', '0.73437800 1262260761', 'DET002', 'VC2', 2.1),
('K024', 'K002', 'periode awal 2010', '0.73437800 1262260761', 'DET003', 'VC2', 1.8),
('K024', 'K002', 'periode awal 2010', '0.73437800 1262260761', 'DET004', 'VC2', 2.45),
('K024', 'K002', 'periode awal 2010', '0.73437800 1262260761', 'DET005', 'VC2', 3.15),
('K024', 'K002', 'periode awal 2010', '0.73437800 1262260761', 'DET006', 'VC2', 4.05),
('K024', 'K002', 'periode awal 2010', '0.73437800 1262260761', 'DET007', 'VC2', 4.95),
('K024', 'K002', 'periode awal 2010', '0.73437800 1262260761', 'DET008', 'VC2', 2.5),
('K024', 'K002', 'periode awal 2010', '0.73437800 1262260761', 'DET009', 'VC2', 2.5),
('K024', 'K002', 'periode awal 2010', '0.73437800 1262260761', 'DET010', 'VC2', 2.5),
('K024', 'K002', 'periode awal 2010', '0.73437800 1262260761', 'DET011', 'VC2', 2.5),
('K016', 'K002', 'periode awal 2010', '0.96875400 1262253836', 'DET001', 'VC2', 5.6),
('K016', 'K002', 'periode awal 2010', '0.96875400 1262253836', 'DET002', 'VC2', 2.1),
('K016', 'K002', 'periode awal 2010', '0.96875400 1262253836', 'DET003', 'VC2', 2.1),
('K016', 'K002', 'periode awal 2010', '0.96875400 1262253836', 'DET004', 'VC2', 2.1),
('K016', 'K002', 'periode awal 2010', '0.96875400 1262253836', 'DET005', 'VC2', 2.45),
('K016', 'K002', 'periode awal 2010', '0.96875400 1262253836', 'DET006', 'VC2', 3.6),
('K016', 'K002', 'periode awal 2010', '0.96875400 1262253836', 'DET007', 'VC2', 4.4),
('K016', 'K002', 'periode awal 2010', '0.96875400 1262253836', 'DET008', 'VC2', 1.75),
('K016', 'K002', 'periode awal 2010', '0.96875400 1262253836', 'DET009', 'VC2', 1.75),
('K016', 'K002', 'periode awal 2010', '0.96875400 1262253836', 'DET010', 'VC2', 2),
('K016', 'K002', 'periode awal 2010', '0.96875400 1262253836', 'DET011', 'VC2', 2),
('K006', 'K005', 'periode awal 2010', '0.46875300 1262243062', 'DET001', 'HZ1', 4.9),
('K006', 'K005', 'periode awal 2010', '0.46875300 1262243062', 'DET002', 'HZ1', 2.1),
('K006', 'K005', 'periode awal 2010', '0.46875300 1262243062', 'DET003', 'HZ1', 2.7),
('K006', 'K005', 'periode awal 2010', '0.46875300 1262243062', 'DET004', 'HZ1', 2.8),
('K006', 'K005', 'periode awal 2010', '0.46875300 1262243062', 'DET005', 'HZ1', 3.15),
('K006', 'K005', 'periode awal 2010', '0.46875300 1262243062', 'DET006', 'HZ1', 3.6),
('K006', 'K005', 'periode awal 2010', '0.46875300 1262243062', 'DET007', 'HZ1', 4.4),
('K006', 'K005', 'periode awal 2010', '0.46875300 1262243062', 'DET008', 'HZ1', 2.25),
('K006', 'K005', 'periode awal 2010', '0.46875300 1262243062', 'DET009', 'HZ1', 2),
('K006', 'K005', 'periode awal 2010', '0.46875300 1262243062', 'DET010', 'HZ1', 1.75),
('K006', 'K005', 'periode awal 2010', '0.46875300 1262243062', 'DET011', 'HZ1', 2),
('K005', 'K006', 'periode awal 2010', '0.68750300 1262242911', 'DET001', 'HZ1', 6.3),
('K005', 'K006', 'periode awal 2010', '0.68750300 1262242911', 'DET002', 'HZ1', 2.7),
('K005', 'K006', 'periode awal 2010', '0.68750300 1262242911', 'DET003', 'HZ1', 2.4),
('K005', 'K006', 'periode awal 2010', '0.68750300 1262242911', 'DET004', 'HZ1', 3.15),
('K005', 'K006', 'periode awal 2010', '0.68750300 1262242911', 'DET005', 'HZ1', 2.45),
('K005', 'K006', 'periode awal 2010', '0.68750300 1262242911', 'DET006', 'HZ1', 3.6),
('K005', 'K006', 'periode awal 2010', '0.68750300 1262242911', 'DET007', 'HZ1', 3.85),
('K005', 'K006', 'periode awal 2010', '0.68750300 1262242911', 'DET008', 'HZ1', 2),
('K005', 'K006', 'periode awal 2010', '0.68750300 1262242911', 'DET009', 'HZ1', 1.75),
('K005', 'K006', 'periode awal 2010', '0.68750300 1262242911', 'DET010', 'HZ1', 2),
('K005', 'K006', 'periode awal 2010', '0.68750300 1262242911', 'DET011', 'HZ1', 2),
('K014', 'K015', 'periode awal 2010', '0.64062900 1262245235', 'DET001', 'HZ1', 4.9),
('K014', 'K015', 'periode awal 2010', '0.64062900 1262245235', 'DET002', 'HZ1', 2.4),
('K014', 'K015', 'periode awal 2010', '0.64062900 1262245235', 'DET003', 'HZ1', 2.1),
('K014', 'K015', 'periode awal 2010', '0.64062900 1262245235', 'DET004', 'HZ1', 2.1),
('K014', 'K015', 'periode awal 2010', '0.64062900 1262245235', 'DET005', 'HZ1', 2.1),
('K014', 'K015', 'periode awal 2010', '0.64062900 1262245235', 'DET006', 'HZ1', 3.15),
('K014', 'K015', 'periode awal 2010', '0.64062900 1262245235', 'DET007', 'HZ1', 3.85),
('K014', 'K015', 'periode awal 2010', '0.64062900 1262245235', 'DET008', 'HZ1', 2),
('K014', 'K015', 'periode awal 2010', '0.64062900 1262245235', 'DET009', 'HZ1', 1.5),
('K014', 'K015', 'periode awal 2010', '0.64062900 1262245235', 'DET010', 'HZ1', 1.75),
('K014', 'K015', 'periode awal 2010', '0.64062900 1262245235', 'DET011', 'HZ1', 1.75),
('K016', 'K015', 'periode awal 2010', '0.96875400 1262253836', 'DET001', 'HZ1', 4.2),
('K016', 'K015', 'periode awal 2010', '0.96875400 1262253836', 'DET002', 'HZ1', 2.4),
('K016', 'K015', 'periode awal 2010', '0.96875400 1262253836', 'DET003', 'HZ1', 1.8),
('K016', 'K015', 'periode awal 2010', '0.96875400 1262253836', 'DET004', 'HZ1', 2.8),
('K016', 'K015', 'periode awal 2010', '0.96875400 1262253836', 'DET005', 'HZ1', 2.8),
('K016', 'K015', 'periode awal 2010', '0.96875400 1262253836', 'DET006', 'HZ1', 3.6),
('K016', 'K015', 'periode awal 2010', '0.96875400 1262253836', 'DET007', 'HZ1', 4.4),
('K016', 'K015', 'periode awal 2010', '0.96875400 1262253836', 'DET008', 'HZ1', 2.25),
('K016', 'K015', 'periode awal 2010', '0.96875400 1262253836', 'DET009', 'HZ1', 2.25),
('K016', 'K015', 'periode awal 2010', '0.96875400 1262253836', 'DET010', 'HZ1', 2.25),
('K016', 'K015', 'periode awal 2010', '0.96875400 1262253836', 'DET011', 'HZ1', 2.25),
('K015', 'K016', 'periode awal 2010', '0.28125300 1262245836', 'DET001', 'HZ1', 4.2),
('K015', 'K016', 'periode awal 2010', '0.28125300 1262245836', 'DET002', 'HZ1', 1.8),
('K015', 'K016', 'periode awal 2010', '0.28125300 1262245836', 'DET003', 'HZ1', 2.4),
('K015', 'K016', 'periode awal 2010', '0.28125300 1262245836', 'DET004', 'HZ1', 2.8),
('K015', 'K016', 'periode awal 2010', '0.28125300 1262245836', 'DET005', 'HZ1', 2.8),
('K015', 'K016', 'periode awal 2010', '0.28125300 1262245836', 'DET006', 'HZ1', 4.05),
('K015', 'K016', 'periode awal 2010', '0.28125300 1262245836', 'DET007', 'HZ1', 3.85),
('K015', 'K016', 'periode awal 2010', '0.28125300 1262245836', 'DET008', 'HZ1', 1.75),
('K015', 'K016', 'periode awal 2010', '0.28125300 1262245836', 'DET009', 'HZ1', 2),
('K015', 'K016', 'periode awal 2010', '0.28125300 1262245836', 'DET010', 'HZ1', 1.25),
('K015', 'K016', 'periode awal 2010', '0.28125300 1262245836', 'DET011', 'HZ1', 1.5),
('K012', 'K001', 'periode awal 2010', '0.89062900 1262245284', 'DET001', 'VC1', 4.2),
('K012', 'K001', 'periode awal 2010', '0.89062900 1262245284', 'DET002', 'VC1', 2.1),
('K012', 'K001', 'periode awal 2010', '0.89062900 1262245284', 'DET003', 'VC1', 2.4),
('K012', 'K001', 'periode awal 2010', '0.89062900 1262245284', 'DET004', 'VC1', 2.45),
('K012', 'K001', 'periode awal 2010', '0.89062900 1262245284', 'DET005', 'VC1', 3.15),
('K012', 'K001', 'periode awal 2010', '0.89062900 1262245284', 'DET006', 'VC1', 4.05),
('K012', 'K001', 'periode awal 2010', '0.89062900 1262245284', 'DET007', 'VC1', 4.4),
('K012', 'K001', 'periode awal 2010', '0.89062900 1262245284', 'DET008', 'VC1', 2.25),
('K012', 'K001', 'periode awal 2010', '0.89062900 1262245284', 'DET009', 'VC1', 2.25),
('K012', 'K001', 'periode awal 2010', '0.89062900 1262245284', 'DET010', 'VC1', 2),
('K012', 'K001', 'periode awal 2010', '0.89062900 1262245284', 'DET011', 'VC1', 2),
('K009', 'K002', 'periode awal 2010', '0.35937800 1262243712', 'DET001', 'VC2', 4.9),
('K009', 'K002', 'periode awal 2010', '0.35937800 1262243712', 'DET002', 'VC2', 2.4),
('K009', 'K002', 'periode awal 2010', '0.35937800 1262243712', 'DET003', 'VC2', 2.4),
('K009', 'K002', 'periode awal 2010', '0.35937800 1262243712', 'DET004', 'VC2', 2.8),
('K009', 'K002', 'periode awal 2010', '0.35937800 1262243712', 'DET005', 'VC2', 3.15),
('K009', 'K002', 'periode awal 2010', '0.35937800 1262243712', 'DET006', 'VC2', 3.6),
('K009', 'K002', 'periode awal 2010', '0.35937800 1262243712', 'DET007', 'VC2', 3.85),
('K009', 'K002', 'periode awal 2010', '0.35937800 1262243712', 'DET008', 'VC2', 2.25),
('K009', 'K002', 'periode awal 2010', '0.35937800 1262243712', 'DET009', 'VC2', 2),
('K009', 'K002', 'periode awal 2010', '0.35937800 1262243712', 'DET010', 'VC2', 2),
('K009', 'K002', 'periode awal 2010', '0.35937800 1262243712', 'DET011', 'VC2', 2),
('K037', 'K002', 'periode awal 2010', '0.51562800 1262676731', 'DET001', 'VC2', 5.6),
('K037', 'K002', 'periode awal 2010', '0.51562800 1262676731', 'DET002', 'VC2', 2.4),
('K037', 'K002', 'periode awal 2010', '0.51562800 1262676731', 'DET003', 'VC2', 2.7),
('K037', 'K002', 'periode awal 2010', '0.51562800 1262676731', 'DET004', 'VC2', 2.8),
('K037', 'K002', 'periode awal 2010', '0.51562800 1262676731', 'DET005', 'VC2', 3.15),
('K037', 'K002', 'periode awal 2010', '0.51562800 1262676731', 'DET006', 'VC2', 3.6),
('K037', 'K002', 'periode awal 2010', '0.51562800 1262676731', 'DET007', 'VC2', 3.85),
('K037', 'K002', 'periode awal 2010', '0.51562800 1262676731', 'DET008', 'VC2', 2),
('K037', 'K002', 'periode awal 2010', '0.51562800 1262676731', 'DET009', 'VC2', 1.75),
('K037', 'K002', 'periode awal 2010', '0.51562800 1262676731', 'DET010', 'VC2', 2),
('K037', 'K002', 'periode awal 2010', '0.51562800 1262676731', 'DET011', 'VC2', 2),
('K012', 'K002', 'periode awal 2010', '0.89062900 1262245284', 'DET001', 'VC2', 4.9),
('K012', 'K002', 'periode awal 2010', '0.89062900 1262245284', 'DET002', 'VC2', 2.4),
('K012', 'K002', 'periode awal 2010', '0.89062900 1262245284', 'DET003', 'VC2', 2.4),
('K012', 'K002', 'periode awal 2010', '0.89062900 1262245284', 'DET004', 'VC2', 2.45),
('K012', 'K002', 'periode awal 2010', '0.89062900 1262245284', 'DET005', 'VC2', 3.15),
('K012', 'K002', 'periode awal 2010', '0.89062900 1262245284', 'DET006', 'VC2', 4.05),
('K012', 'K002', 'periode awal 2010', '0.89062900 1262245284', 'DET007', 'VC2', 4.4),
('K012', 'K002', 'periode awal 2010', '0.89062900 1262245284', 'DET008', 'VC2', 2),
('K012', 'K002', 'periode awal 2010', '0.89062900 1262245284', 'DET009', 'VC2', 2.25),
('K012', 'K002', 'periode awal 2010', '0.89062900 1262245284', 'DET010', 'VC2', 2),
('K012', 'K002', 'periode awal 2010', '0.89062900 1262245284', 'DET011', 'VC2', 2),
('K009', 'K007', 'periode awal 2010', '0.35937800 1262243712', 'DET001', 'HZ1', 5.6),
('K009', 'K007', 'periode awal 2010', '0.35937800 1262243712', 'DET002', 'HZ1', 2.4),
('K009', 'K007', 'periode awal 2010', '0.35937800 1262243712', 'DET003', 'HZ1', 2.4),
('K009', 'K007', 'periode awal 2010', '0.35937800 1262243712', 'DET004', 'HZ1', 3.15),
('K009', 'K007', 'periode awal 2010', '0.35937800 1262243712', 'DET005', 'HZ1', 2.8),
('K009', 'K007', 'periode awal 2010', '0.35937800 1262243712', 'DET006', 'HZ1', 3.6),
('K009', 'K007', 'periode awal 2010', '0.35937800 1262243712', 'DET007', 'HZ1', 4.95),
('K009', 'K007', 'periode awal 2010', '0.35937800 1262243712', 'DET008', 'HZ1', 2.25),
('K009', 'K007', 'periode awal 2010', '0.35937800 1262243712', 'DET009', 'HZ1', 1.75),
('K009', 'K007', 'periode awal 2010', '0.35937800 1262243712', 'DET010', 'HZ1', 2),
('K009', 'K007', 'periode awal 2010', '0.35937800 1262243712', 'DET011', 'HZ1', 2.25),
('K037', 'K009', 'periode awal 2010', '0.51562800 1262676731', 'DET001', 'HZ1', 4.9),
('K037', 'K009', 'periode awal 2010', '0.51562800 1262676731', 'DET002', 'HZ1', 2.4),
('K037', 'K009', 'periode awal 2010', '0.51562800 1262676731', 'DET003', 'HZ1', 2.4),
('K037', 'K009', 'periode awal 2010', '0.51562800 1262676731', 'DET004', 'HZ1', 2.45),
('K037', 'K009', 'periode awal 2010', '0.51562800 1262676731', 'DET005', 'HZ1', 2.8),
('K037', 'K009', 'periode awal 2010', '0.51562800 1262676731', 'DET006', 'HZ1', 2.7),
('K037', 'K009', 'periode awal 2010', '0.51562800 1262676731', 'DET007', 'HZ1', 3.85),
('K037', 'K009', 'periode awal 2010', '0.51562800 1262676731', 'DET008', 'HZ1', 2),
('K037', 'K009', 'periode awal 2010', '0.51562800 1262676731', 'DET009', 'HZ1', 2),
('K037', 'K009', 'periode awal 2010', '0.51562800 1262676731', 'DET010', 'HZ1', 1.75),
('K037', 'K009', 'periode awal 2010', '0.51562800 1262676731', 'DET011', 'HZ1', 2.25),
('K009', 'K001', 'periode awal 2010', '0.35937800 1262243712', 'DET001', 'VC1', 5.6),
('K009', 'K001', 'periode awal 2010', '0.35937800 1262243712', 'DET002', 'VC1', 2.4),
('K009', 'K001', 'periode awal 2010', '0.35937800 1262243712', 'DET003', 'VC1', 2.4),
('K009', 'K001', 'periode awal 2010', '0.35937800 1262243712', 'DET004', 'VC1', 2.45),
('K009', 'K001', 'periode awal 2010', '0.35937800 1262243712', 'DET005', 'VC1', 2.8),
('K009', 'K001', 'periode awal 2010', '0.35937800 1262243712', 'DET006', 'VC1', 4.05),
('K009', 'K001', 'periode awal 2010', '0.35937800 1262243712', 'DET007', 'VC1', 4.95),
('K009', 'K001', 'periode awal 2010', '0.35937800 1262243712', 'DET008', 'VC1', 2),
('K009', 'K001', 'periode awal 2010', '0.35937800 1262243712', 'DET009', 'VC1', 1.75),
('K009', 'K001', 'periode awal 2010', '0.35937800 1262243712', 'DET010', 'VC1', 2),
('K009', 'K001', 'periode awal 2010', '0.35937800 1262243712', 'DET011', 'VC1', 2.25),
('K037', 'K001', 'periode awal 2010', '0.51562800 1262676731', 'DET001', 'VC1', 4.9),
('K037', 'K001', 'periode awal 2010', '0.51562800 1262676731', 'DET002', 'VC1', 2.4),
('K037', 'K001', 'periode awal 2010', '0.51562800 1262676731', 'DET003', 'VC1', 2.4),
('K037', 'K001', 'periode awal 2010', '0.51562800 1262676731', 'DET004', 'VC1', 3.15),
('K037', 'K001', 'periode awal 2010', '0.51562800 1262676731', 'DET005', 'VC1', 3.15),
('K037', 'K001', 'periode awal 2010', '0.51562800 1262676731', 'DET006', 'VC1', 3.6),
('K037', 'K001', 'periode awal 2010', '0.51562800 1262676731', 'DET007', 'VC1', 3.85),
('K037', 'K001', 'periode awal 2010', '0.51562800 1262676731', 'DET008', 'VC1', 2.25),
('K037', 'K001', 'periode awal 2010', '0.51562800 1262676731', 'DET009', 'VC1', 2),
('K037', 'K001', 'periode awal 2010', '0.51562800 1262676731', 'DET010', 'VC1', 1.75),
('K037', 'K001', 'periode awal 2010', '0.51562800 1262676731', 'DET011', 'VC1', 2),
('K025', 'K024', 'periode awal 2010', '0.68750300 1262260925', 'DET001', 'HZ1', 4.9),
('K025', 'K024', 'periode awal 2010', '0.68750300 1262260925', 'DET002', 'HZ1', 2.4),
('K025', 'K024', 'periode awal 2010', '0.68750300 1262260925', 'DET003', 'HZ1', 2.7),
('K025', 'K024', 'periode awal 2010', '0.68750300 1262260925', 'DET004', 'HZ1', 2.8),
('K025', 'K024', 'periode awal 2010', '0.68750300 1262260925', 'DET005', 'HZ1', 2.45),
('K025', 'K024', 'periode awal 2010', '0.68750300 1262260925', 'DET006', 'HZ1', 3.6),
('K025', 'K024', 'periode awal 2010', '0.68750300 1262260925', 'DET007', 'HZ1', 3.85),
('K025', 'K024', 'periode awal 2010', '0.68750300 1262260925', 'DET008', 'HZ1', 2),
('K025', 'K024', 'periode awal 2010', '0.68750300 1262260925', 'DET009', 'HZ1', 1.75),
('K025', 'K024', 'periode awal 2010', '0.68750300 1262260925', 'DET010', 'HZ1', 2),
('K025', 'K024', 'periode awal 2010', '0.68750300 1262260925', 'DET011', 'HZ1', 2.25),
('K024', 'K025', 'periode awal 2010', '0.73437800 1262260761', 'DET001', 'HZ1', 5.6),
('K024', 'K025', 'periode awal 2010', '0.73437800 1262260761', 'DET002', 'HZ1', 2.1),
('K024', 'K025', 'periode awal 2010', '0.73437800 1262260761', 'DET003', 'HZ1', 2.1),
('K024', 'K025', 'periode awal 2010', '0.73437800 1262260761', 'DET004', 'HZ1', 2.8),
('K024', 'K025', 'periode awal 2010', '0.73437800 1262260761', 'DET005', 'HZ1', 2.45),
('K024', 'K025', 'periode awal 2010', '0.73437800 1262260761', 'DET006', 'HZ1', 3.15),
('K024', 'K025', 'periode awal 2010', '0.73437800 1262260761', 'DET007', 'HZ1', 4.4),
('K024', 'K025', 'periode awal 2010', '0.73437800 1262260761', 'DET008', 'HZ1', 1.75),
('K024', 'K025', 'periode awal 2010', '0.73437800 1262260761', 'DET009', 'HZ1', 2),
('K024', 'K025', 'periode awal 2010', '0.73437800 1262260761', 'DET010', 'HZ1', 1.5),
('K024', 'K025', 'periode awal 2010', '0.73437800 1262260761', 'DET011', 'HZ1', 2),
('k032', 'K031', 'periode awal 2010', '0.32812800 1262308430', 'DET001', 'HZ1', 4.9),
('k032', 'K031', 'periode awal 2010', '0.32812800 1262308430', 'DET002', 'HZ1', 2.4),
('k032', 'K031', 'periode awal 2010', '0.32812800 1262308430', 'DET003', 'HZ1', 1.5),
('k032', 'K031', 'periode awal 2010', '0.32812800 1262308430', 'DET004', 'HZ1', 2.1),
('k032', 'K031', 'periode awal 2010', '0.32812800 1262308430', 'DET005', 'HZ1', 2.1),
('k032', 'K031', 'periode awal 2010', '0.32812800 1262308430', 'DET006', 'HZ1', 3.15),
('k032', 'K031', 'periode awal 2010', '0.32812800 1262308430', 'DET007', 'HZ1', 4.4),
('k032', 'K031', 'periode awal 2010', '0.32812800 1262308430', 'DET008', 'HZ1', 2),
('k032', 'K031', 'periode awal 2010', '0.32812800 1262308430', 'DET009', 'HZ1', 1.75),
('k032', 'K031', 'periode awal 2010', '0.32812800 1262308430', 'DET010', 'HZ1', 2),
('k032', 'K031', 'periode awal 2010', '0.32812800 1262308430', 'DET011', 'HZ1', 1.75),
('K031', 'K001', 'periode awal 2010', '0.79687800 1262308131', 'DET001', 'VC1', 5.6),
('K031', 'K001', 'periode awal 2010', '0.79687800 1262308131', 'DET002', 'VC1', 2.7),
('K031', 'K001', 'periode awal 2010', '0.79687800 1262308131', 'DET003', 'VC1', 2.4),
('K031', 'K001', 'periode awal 2010', '0.79687800 1262308131', 'DET004', 'VC1', 2.45),
('K031', 'K001', 'periode awal 2010', '0.79687800 1262308131', 'DET005', 'VC1', 2.8),
('K031', 'K001', 'periode awal 2010', '0.79687800 1262308131', 'DET006', 'VC1', 4.05),
('K031', 'K001', 'periode awal 2010', '0.79687800 1262308131', 'DET007', 'VC1', 4.4),
('K031', 'K001', 'periode awal 2010', '0.79687800 1262308131', 'DET008', 'VC1', 2.25),
('K031', 'K001', 'periode awal 2010', '0.79687800 1262308131', 'DET009', 'VC1', 2),
('K031', 'K001', 'periode awal 2010', '0.79687800 1262308131', 'DET010', 'VC1', 1.75),
('K031', 'K001', 'periode awal 2010', '0.79687800 1262308131', 'DET011', 'VC1', 2),
('k032', 'K002', 'periode awal 2010', '0.32812800 1262308430', 'DET001', 'VC2', 5.6),
('k032', 'K002', 'periode awal 2010', '0.32812800 1262308430', 'DET002', 'VC2', 2.1),
('k032', 'K002', 'periode awal 2010', '0.32812800 1262308430', 'DET003', 'VC2', 2.1),
('k032', 'K002', 'periode awal 2010', '0.32812800 1262308430', 'DET004', 'VC2', 2.8),
('k032', 'K002', 'periode awal 2010', '0.32812800 1262308430', 'DET005', 'VC2', 2.45),
('k032', 'K002', 'periode awal 2010', '0.32812800 1262308430', 'DET006', 'VC2', 3.15),
('k032', 'K002', 'periode awal 2010', '0.32812800 1262308430', 'DET007', 'VC2', 4.4),
('k032', 'K002', 'periode awal 2010', '0.32812800 1262308430', 'DET008', 'VC2', 2.25),
('k032', 'K002', 'periode awal 2010', '0.32812800 1262308430', 'DET009', 'VC2', 2),
('k032', 'K002', 'periode awal 2010', '0.32812800 1262308430', 'DET010', 'VC2', 1.75),
('k032', 'K002', 'periode awal 2010', '0.32812800 1262308430', 'DET011', 'VC2', 1.75),
('K005', 'K002', 'periode awal 2010', '0.68750300 1262242911', 'DET001', 'VC2', 5.6),
('K005', 'K002', 'periode awal 2010', '0.68750300 1262242911', 'DET002', 'VC2', 2.7),
('K005', 'K002', 'periode awal 2010', '0.68750300 1262242911', 'DET003', 'VC2', 2.7),
('K005', 'K002', 'periode awal 2010', '0.68750300 1262242911', 'DET004', 'VC2', 2.8),
('K005', 'K002', 'periode awal 2010', '0.68750300 1262242911', 'DET005', 'VC2', 3.15),
('K005', 'K002', 'periode awal 2010', '0.68750300 1262242911', 'DET006', 'VC2', 3.6),
('K005', 'K002', 'periode awal 2010', '0.68750300 1262242911', 'DET007', 'VC2', 3.85),
('K005', 'K002', 'periode awal 2010', '0.68750300 1262242911', 'DET008', 'VC2', 2),
('K005', 'K002', 'periode awal 2010', '0.68750300 1262242911', 'DET009', 'VC2', 1.75),
('K005', 'K002', 'periode awal 2010', '0.68750300 1262242911', 'DET010', 'VC2', 2),
('K005', 'K002', 'periode awal 2010', '0.68750300 1262242911', 'DET011', 'VC2', 2.25),
('K031', 'K002', 'periode awal 2010', '0.79687800 1262308131', 'DET001', 'VC2', 5.6),
('K031', 'K002', 'periode awal 2010', '0.79687800 1262308131', 'DET002', 'VC2', 2.1),
('K031', 'K002', 'periode awal 2010', '0.79687800 1262308131', 'DET003', 'VC2', 2.4),
('K031', 'K002', 'periode awal 2010', '0.79687800 1262308131', 'DET004', 'VC2', 3.15),
('K031', 'K002', 'periode awal 2010', '0.79687800 1262308131', 'DET005', 'VC2', 2.8),
('K031', 'K002', 'periode awal 2010', '0.79687800 1262308131', 'DET006', 'VC2', 3.6),
('K031', 'K002', 'periode awal 2010', '0.79687800 1262308131', 'DET007', 'VC2', 4.95),
('K031', 'K002', 'periode awal 2010', '0.79687800 1262308131', 'DET008', 'VC2', 1.75),
('K031', 'K002', 'periode awal 2010', '0.79687800 1262308131', 'DET009', 'VC2', 2),
('K031', 'K002', 'periode awal 2010', '0.79687800 1262308131', 'DET010', 'VC2', 2.25),
('K031', 'K002', 'periode awal 2010', '0.79687800 1262308131', 'DET011', 'VC2', 1.75),
('K031', 'K032', 'periode awal 2010', '0.79687800 1262308131', 'DET001', 'HZ1', 5.6),
('K031', 'K032', 'periode awal 2010', '0.79687800 1262308131', 'DET002', 'HZ1', 2.1),
('K031', 'K032', 'periode awal 2010', '0.79687800 1262308131', 'DET003', 'HZ1', 2.4),
('K031', 'K032', 'periode awal 2010', '0.79687800 1262308131', 'DET004', 'HZ1', 2.45),
('K031', 'K032', 'periode awal 2010', '0.79687800 1262308131', 'DET005', 'HZ1', 2.8),
('K031', 'K032', 'periode awal 2010', '0.79687800 1262308131', 'DET006', 'HZ1', 3.15),
('K031', 'K032', 'periode awal 2010', '0.79687800 1262308131', 'DET007', 'HZ1', 4.4),
('K031', 'K032', 'periode awal 2010', '0.79687800 1262308131', 'DET008', 'HZ1', 2),
('K031', 'K032', 'periode awal 2010', '0.79687800 1262308131', 'DET009', 'HZ1', 2.25),
('K031', 'K032', 'periode awal 2010', '0.79687800 1262308131', 'DET010', 'HZ1', 2),
('K031', 'K032', 'periode awal 2010', '0.79687800 1262308131', 'DET011', 'HZ1', 1.75),
('K012', 'K008', 'periode awal 2010', '0.89062900 1262245284', 'DET001', 'HZ1', 5.6),
('K012', 'K008', 'periode awal 2010', '0.89062900 1262245284', 'DET002', 'HZ1', 2.7),
('K012', 'K008', 'periode awal 2010', '0.89062900 1262245284', 'DET003', 'HZ1', 2.4),
('K012', 'K008', 'periode awal 2010', '0.89062900 1262245284', 'DET004', 'HZ1', 3.15),
('K012', 'K008', 'periode awal 2010', '0.89062900 1262245284', 'DET005', 'HZ1', 2.8),
('K012', 'K008', 'periode awal 2010', '0.89062900 1262245284', 'DET006', 'HZ1', 3.6),
('K012', 'K008', 'periode awal 2010', '0.89062900 1262245284', 'DET007', 'HZ1', 4.95),
('K012', 'K008', 'periode awal 2010', '0.89062900 1262245284', 'DET008', 'HZ1', 2),
('K012', 'K008', 'periode awal 2010', '0.89062900 1262245284', 'DET009', 'HZ1', 2.25),
('K012', 'K008', 'periode awal 2010', '0.89062900 1262245284', 'DET010', 'HZ1', 2),
('K012', 'K008', 'periode awal 2010', '0.89062900 1262245284', 'DET011', 'HZ1', 2.25),
('K015', 'K001', 'periode akhir 2010', '0.28125300 1262245836', 'DET001', 'VC1', 5.6),
('K015', 'K001', 'periode akhir 2010', '0.28125300 1262245836', 'DET002', 'VC1', 2.1),
('K015', 'K001', 'periode akhir 2010', '0.28125300 1262245836', 'DET003', 'VC1', 2.7),
('K015', 'K001', 'periode akhir 2010', '0.28125300 1262245836', 'DET004', 'VC1', 2.45),
('K015', 'K001', 'periode akhir 2010', '0.28125300 1262245836', 'DET005', 'VC1', 2.45),
('K015', 'K001', 'periode akhir 2010', '0.28125300 1262245836', 'DET006', 'VC1', 3.15),
('K015', 'K001', 'periode akhir 2010', '0.28125300 1262245836', 'DET007', 'VC1', 4.95),
('K015', 'K001', 'periode akhir 2010', '0.28125300 1262245836', 'DET008', 'VC1', 2.25),
('K015', 'K001', 'periode akhir 2010', '0.28125300 1262245836', 'DET009', 'VC1', 1.5),
('K015', 'K001', 'periode akhir 2010', '0.28125300 1262245836', 'DET010', 'VC1', 1.75),
('K015', 'K001', 'periode akhir 2010', '0.28125300 1262245836', 'DET011', 'VC1', 1.75),
('k032', 'K001', 'periode akhir 2010', '0.32812800 1262308430', 'DET001', 'VC1', 6.3),
('k032', 'K001', 'periode akhir 2010', '0.32812800 1262308430', 'DET002', 'VC1', 2.4),
('k032', 'K001', 'periode akhir 2010', '0.32812800 1262308430', 'DET003', 'VC1', 2.1),
('k032', 'K001', 'periode akhir 2010', '0.32812800 1262308430', 'DET004', 'VC1', 2.8),
('k032', 'K001', 'periode akhir 2010', '0.32812800 1262308430', 'DET005', 'VC1', 2.45),
('k032', 'K001', 'periode akhir 2010', '0.32812800 1262308430', 'DET006', 'VC1', 3.15),
('k032', 'K001', 'periode akhir 2010', '0.32812800 1262308430', 'DET007', 'VC1', 4.4),
('k032', 'K001', 'periode akhir 2010', '0.32812800 1262308430', 'DET008', 'VC1', 1.75),
('k032', 'K001', 'periode akhir 2010', '0.32812800 1262308430', 'DET009', 'VC1', 2),
('k032', 'K001', 'periode akhir 2010', '0.32812800 1262308430', 'DET010', 'VC1', 1.75),
('k032', 'K001', 'periode akhir 2010', '0.32812800 1262308430', 'DET011', 'VC1', 1.5),
('K009', 'K001', 'periode akhir 2010', '0.35937800 1262243712', 'DET001', 'VC1', 5.6),
('K009', 'K001', 'periode akhir 2010', '0.35937800 1262243712', 'DET002', 'VC1', 2.4),
('K009', 'K001', 'periode akhir 2010', '0.35937800 1262243712', 'DET003', 'VC1', 2.1),
('K009', 'K001', 'periode akhir 2010', '0.35937800 1262243712', 'DET004', 'VC1', 2.8),
('K009', 'K001', 'periode akhir 2010', '0.35937800 1262243712', 'DET005', 'VC1', 3.15),
('K009', 'K001', 'periode akhir 2010', '0.35937800 1262243712', 'DET006', 'VC1', 3.6),
('K009', 'K001', 'periode akhir 2010', '0.35937800 1262243712', 'DET007', 'VC1', 3.85),
('K009', 'K001', 'periode akhir 2010', '0.35937800 1262243712', 'DET008', 'VC1', 1.75),
('K009', 'K001', 'periode akhir 2010', '0.35937800 1262243712', 'DET009', 'VC1', 2),
('K009', 'K001', 'periode akhir 2010', '0.35937800 1262243712', 'DET010', 'VC1', 2.25),
('K009', 'K001', 'periode akhir 2010', '0.35937800 1262243712', 'DET011', 'VC1', 2.25),
('K008', 'K001', 'periode akhir 2010', '0.43750400 1262243521', 'DET001', 'VC1', 5.6),
('K008', 'K001', 'periode akhir 2010', '0.43750400 1262243521', 'DET002', 'VC1', 2.1),
('K008', 'K001', 'periode akhir 2010', '0.43750400 1262243521', 'DET003', 'VC1', 2.4),
('K008', 'K001', 'periode akhir 2010', '0.43750400 1262243521', 'DET004', 'VC1', 2.45),
('K008', 'K001', 'periode akhir 2010', '0.43750400 1262243521', 'DET005', 'VC1', 2.8),
('K008', 'K001', 'periode akhir 2010', '0.43750400 1262243521', 'DET006', 'VC1', 3.15),
('K008', 'K001', 'periode akhir 2010', '0.43750400 1262243521', 'DET007', 'VC1', 4.4),
('K008', 'K001', 'periode akhir 2010', '0.43750400 1262243521', 'DET008', 'VC1', 1.75),
('K008', 'K001', 'periode akhir 2010', '0.43750400 1262243521', 'DET009', 'VC1', 2),
('K008', 'K001', 'periode akhir 2010', '0.43750400 1262243521', 'DET010', 'VC1', 2.25),
('K008', 'K001', 'periode akhir 2010', '0.43750400 1262243521', 'DET011', 'VC1', 1.75),
('K006', 'K001', 'periode akhir 2010', '0.46875300 1262243062', 'DET001', 'VC1', 6.3),
('K006', 'K001', 'periode akhir 2010', '0.46875300 1262243062', 'DET002', 'VC1', 2.4),
('K006', 'K001', 'periode akhir 2010', '0.46875300 1262243062', 'DET003', 'VC1', 3),
('K006', 'K001', 'periode akhir 2010', '0.46875300 1262243062', 'DET004', 'VC1', 3.5),
('K006', 'K001', 'periode akhir 2010', '0.46875300 1262243062', 'DET005', 'VC1', 3.5),
('K006', 'K001', 'periode akhir 2010', '0.46875300 1262243062', 'DET006', 'VC1', 4.5),
('K006', 'K001', 'periode akhir 2010', '0.46875300 1262243062', 'DET007', 'VC1', 5.5),
('K006', 'K001', 'periode akhir 2010', '0.46875300 1262243062', 'DET008', 'VC1', 2.5),
('K006', 'K001', 'periode akhir 2010', '0.46875300 1262243062', 'DET009', 'VC1', 2.5),
('K006', 'K001', 'periode akhir 2010', '0.46875300 1262243062', 'DET010', 'VC1', 2.5),
('K006', 'K001', 'periode akhir 2010', '0.46875300 1262243062', 'DET011', 'VC1', 2.5),
('K037', 'K001', 'periode akhir 2010', '0.51562800 1262676731', 'DET001', 'VC1', 6.3),
('K037', 'K001', 'periode akhir 2010', '0.51562800 1262676731', 'DET002', 'VC1', 2.4),
('K037', 'K001', 'periode akhir 2010', '0.51562800 1262676731', 'DET003', 'VC1', 2.4),
('K037', 'K001', 'periode akhir 2010', '0.51562800 1262676731', 'DET004', 'VC1', 2.8),
('K037', 'K001', 'periode akhir 2010', '0.51562800 1262676731', 'DET005', 'VC1', 3.15),
('K037', 'K001', 'periode akhir 2010', '0.51562800 1262676731', 'DET006', 'VC1', 3.6),
('K037', 'K001', 'periode akhir 2010', '0.51562800 1262676731', 'DET007', 'VC1', 4.95),
('K037', 'K001', 'periode akhir 2010', '0.51562800 1262676731', 'DET008', 'VC1', 2),
('K037', 'K001', 'periode akhir 2010', '0.51562800 1262676731', 'DET009', 'VC1', 2.25),
('K037', 'K001', 'periode akhir 2010', '0.51562800 1262676731', 'DET010', 'VC1', 2),
('K037', 'K001', 'periode akhir 2010', '0.51562800 1262676731', 'DET011', 'VC1', 2.25),
('K007', 'K001', 'periode akhir 2010', '0.62500300 1262243298', 'DET001', 'VC1', 6.3),
('K007', 'K001', 'periode akhir 2010', '0.62500300 1262243298', 'DET002', 'VC1', 2.4),
('K007', 'K001', 'periode akhir 2010', '0.62500300 1262243298', 'DET003', 'VC1', 2.4),
('K007', 'K001', 'periode akhir 2010', '0.62500300 1262243298', 'DET004', 'VC1', 2.45),
('K007', 'K001', 'periode akhir 2010', '0.62500300 1262243298', 'DET005', 'VC1', 2.8),
('K007', 'K001', 'periode akhir 2010', '0.62500300 1262243298', 'DET006', 'VC1', 4.05),
('K007', 'K001', 'periode akhir 2010', '0.62500300 1262243298', 'DET007', 'VC1', 3.85),
('K007', 'K001', 'periode akhir 2010', '0.62500300 1262243298', 'DET008', 'VC1', 2);
INSERT INTO `nilai_per_kinerja` (`KODE_KARYAWAN`, `PENILAI`, `ID_PERIODE`, `ID_DEP_DIV_JAB`, `ID_DETAIL_KRITERIA`, `ID_LEVEL`, `NILAI`) VALUES
('K007', 'K001', 'periode akhir 2010', '0.62500300 1262243298', 'DET009', 'VC1', 1.75),
('K007', 'K001', 'periode akhir 2010', '0.62500300 1262243298', 'DET010', 'VC1', 2),
('K007', 'K001', 'periode akhir 2010', '0.62500300 1262243298', 'DET011', 'VC1', 2.25),
('K014', 'K001', 'periode akhir 2010', '0.64062900 1262245235', 'DET001', 'VC1', 5.6),
('K014', 'K001', 'periode akhir 2010', '0.64062900 1262245235', 'DET002', 'VC1', 2.1),
('K014', 'K001', 'periode akhir 2010', '0.64062900 1262245235', 'DET003', 'VC1', 2.1),
('K014', 'K001', 'periode akhir 2010', '0.64062900 1262245235', 'DET004', 'VC1', 2.8),
('K014', 'K001', 'periode akhir 2010', '0.64062900 1262245235', 'DET005', 'VC1', 2.45),
('K014', 'K001', 'periode akhir 2010', '0.64062900 1262245235', 'DET006', 'VC1', 3.6),
('K014', 'K001', 'periode akhir 2010', '0.64062900 1262245235', 'DET007', 'VC1', 3.85),
('K014', 'K001', 'periode akhir 2010', '0.64062900 1262245235', 'DET008', 'VC1', 2),
('K014', 'K001', 'periode akhir 2010', '0.64062900 1262245235', 'DET009', 'VC1', 1.75),
('K014', 'K001', 'periode akhir 2010', '0.64062900 1262245235', 'DET010', 'VC1', 2),
('K014', 'K001', 'periode akhir 2010', '0.64062900 1262245235', 'DET011', 'VC1', 1.75),
('K005', 'K001', 'periode akhir 2010', '0.68750300 1262242911', 'DET001', 'VC1', 6.3),
('K005', 'K001', 'periode akhir 2010', '0.68750300 1262242911', 'DET002', 'VC1', 2.7),
('K005', 'K001', 'periode akhir 2010', '0.68750300 1262242911', 'DET003', 'VC1', 2.4),
('K005', 'K001', 'periode akhir 2010', '0.68750300 1262242911', 'DET004', 'VC1', 2.45),
('K005', 'K001', 'periode akhir 2010', '0.68750300 1262242911', 'DET005', 'VC1', 2.8),
('K005', 'K001', 'periode akhir 2010', '0.68750300 1262242911', 'DET006', 'VC1', 3.15),
('K005', 'K001', 'periode akhir 2010', '0.68750300 1262242911', 'DET007', 'VC1', 3.85),
('K005', 'K001', 'periode akhir 2010', '0.68750300 1262242911', 'DET008', 'VC1', 2),
('K005', 'K001', 'periode akhir 2010', '0.68750300 1262242911', 'DET009', 'VC1', 1.75),
('K005', 'K001', 'periode akhir 2010', '0.68750300 1262242911', 'DET010', 'VC1', 1.75),
('K005', 'K001', 'periode akhir 2010', '0.68750300 1262242911', 'DET011', 'VC1', 1.75),
('K025', 'K001', 'periode akhir 2010', '0.68750300 1262260925', 'DET001', 'VC1', 2.8),
('K025', 'K001', 'periode akhir 2010', '0.68750300 1262260925', 'DET002', 'VC1', 1.2),
('K025', 'K001', 'periode akhir 2010', '0.68750300 1262260925', 'DET003', 'VC1', 1.2),
('K025', 'K001', 'periode akhir 2010', '0.68750300 1262260925', 'DET004', 'VC1', 1.4),
('K025', 'K001', 'periode akhir 2010', '0.68750300 1262260925', 'DET005', 'VC1', 1.4),
('K025', 'K001', 'periode akhir 2010', '0.68750300 1262260925', 'DET006', 'VC1', 1.8),
('K025', 'K001', 'periode akhir 2010', '0.68750300 1262260925', 'DET007', 'VC1', 2.2),
('K025', 'K001', 'periode akhir 2010', '0.68750300 1262260925', 'DET008', 'VC1', 1),
('K025', 'K001', 'periode akhir 2010', '0.68750300 1262260925', 'DET009', 'VC1', 1),
('K025', 'K001', 'periode akhir 2010', '0.68750300 1262260925', 'DET010', 'VC1', 1),
('K025', 'K001', 'periode akhir 2010', '0.68750300 1262260925', 'DET011', 'VC1', 1),
('K024', 'K001', 'periode akhir 2010', '0.73437800 1262260761', 'DET001', 'VC1', 4.2),
('K024', 'K001', 'periode akhir 2010', '0.73437800 1262260761', 'DET002', 'VC1', 1.8),
('K024', 'K001', 'periode akhir 2010', '0.73437800 1262260761', 'DET003', 'VC1', 1.8),
('K024', 'K001', 'periode akhir 2010', '0.73437800 1262260761', 'DET004', 'VC1', 2.1),
('K024', 'K001', 'periode akhir 2010', '0.73437800 1262260761', 'DET005', 'VC1', 2.1),
('K024', 'K001', 'periode akhir 2010', '0.73437800 1262260761', 'DET006', 'VC1', 3.15),
('K024', 'K001', 'periode akhir 2010', '0.73437800 1262260761', 'DET007', 'VC1', 3.85),
('K024', 'K001', 'periode akhir 2010', '0.73437800 1262260761', 'DET008', 'VC1', 1.75),
('K024', 'K001', 'periode akhir 2010', '0.73437800 1262260761', 'DET009', 'VC1', 2),
('K024', 'K001', 'periode akhir 2010', '0.73437800 1262260761', 'DET010', 'VC1', 2),
('K024', 'K001', 'periode akhir 2010', '0.73437800 1262260761', 'DET011', 'VC1', 2.25),
('K031', 'K001', 'periode akhir 2010', '0.79687800 1262308131', 'DET001', 'VC1', 6.3),
('K031', 'K001', 'periode akhir 2010', '0.79687800 1262308131', 'DET002', 'VC1', 2.1),
('K031', 'K001', 'periode akhir 2010', '0.79687800 1262308131', 'DET003', 'VC1', 2.4),
('K031', 'K001', 'periode akhir 2010', '0.79687800 1262308131', 'DET004', 'VC1', 2.45),
('K031', 'K001', 'periode akhir 2010', '0.79687800 1262308131', 'DET005', 'VC1', 2.8),
('K031', 'K001', 'periode akhir 2010', '0.79687800 1262308131', 'DET006', 'VC1', 4.05),
('K031', 'K001', 'periode akhir 2010', '0.79687800 1262308131', 'DET007', 'VC1', 4.4),
('K031', 'K001', 'periode akhir 2010', '0.79687800 1262308131', 'DET008', 'VC1', 2.25),
('K031', 'K001', 'periode akhir 2010', '0.79687800 1262308131', 'DET009', 'VC1', 2),
('K031', 'K001', 'periode akhir 2010', '0.79687800 1262308131', 'DET010', 'VC1', 1.75),
('K031', 'K001', 'periode akhir 2010', '0.79687800 1262308131', 'DET011', 'VC1', 2),
('K010', 'K001', 'periode akhir 2010', '0.84375400 1262244040', 'DET001', 'VC1', 5.6),
('K010', 'K001', 'periode akhir 2010', '0.84375400 1262244040', 'DET002', 'VC1', 2.4),
('K010', 'K001', 'periode akhir 2010', '0.84375400 1262244040', 'DET003', 'VC1', 2.4),
('K010', 'K001', 'periode akhir 2010', '0.84375400 1262244040', 'DET004', 'VC1', 3.15),
('K010', 'K001', 'periode akhir 2010', '0.84375400 1262244040', 'DET005', 'VC1', 2.8),
('K010', 'K001', 'periode akhir 2010', '0.84375400 1262244040', 'DET006', 'VC1', 3.15),
('K010', 'K001', 'periode akhir 2010', '0.84375400 1262244040', 'DET007', 'VC1', 4.4),
('K010', 'K001', 'periode akhir 2010', '0.84375400 1262244040', 'DET008', 'VC1', 2.25),
('K010', 'K001', 'periode akhir 2010', '0.84375400 1262244040', 'DET009', 'VC1', 2),
('K010', 'K001', 'periode akhir 2010', '0.84375400 1262244040', 'DET010', 'VC1', 1.75),
('K010', 'K001', 'periode akhir 2010', '0.84375400 1262244040', 'DET011', 'VC1', 2),
('K012', 'K001', 'periode akhir 2010', '0.89062900 1262245284', 'DET001', 'VC1', 5.6),
('K012', 'K001', 'periode akhir 2010', '0.89062900 1262245284', 'DET002', 'VC1', 2.4),
('K012', 'K001', 'periode akhir 2010', '0.89062900 1262245284', 'DET003', 'VC1', 2.1),
('K012', 'K001', 'periode akhir 2010', '0.89062900 1262245284', 'DET004', 'VC1', 2.1),
('K012', 'K001', 'periode akhir 2010', '0.89062900 1262245284', 'DET005', 'VC1', 2.45),
('K012', 'K001', 'periode akhir 2010', '0.89062900 1262245284', 'DET006', 'VC1', 2.7),
('K012', 'K001', 'periode akhir 2010', '0.89062900 1262245284', 'DET007', 'VC1', 3.85),
('K012', 'K001', 'periode akhir 2010', '0.89062900 1262245284', 'DET008', 'VC1', 2),
('K012', 'K001', 'periode akhir 2010', '0.89062900 1262245284', 'DET009', 'VC1', 1.75),
('K012', 'K001', 'periode akhir 2010', '0.89062900 1262245284', 'DET010', 'VC1', 2),
('K012', 'K001', 'periode akhir 2010', '0.89062900 1262245284', 'DET011', 'VC1', 2),
('K016', 'K001', 'periode akhir 2010', '0.96875400 1262253836', 'DET001', 'VC1', 5.6),
('K016', 'K001', 'periode akhir 2010', '0.96875400 1262253836', 'DET002', 'VC1', 1.8),
('K016', 'K001', 'periode akhir 2010', '0.96875400 1262253836', 'DET003', 'VC1', 2.4),
('K016', 'K001', 'periode akhir 2010', '0.96875400 1262253836', 'DET004', 'VC1', 2.45),
('K016', 'K001', 'periode akhir 2010', '0.96875400 1262253836', 'DET005', 'VC1', 2.8),
('K016', 'K001', 'periode akhir 2010', '0.96875400 1262253836', 'DET006', 'VC1', 4.05),
('K016', 'K001', 'periode akhir 2010', '0.96875400 1262253836', 'DET007', 'VC1', 4.4),
('K016', 'K001', 'periode akhir 2010', '0.96875400 1262253836', 'DET008', 'VC1', 2),
('K016', 'K001', 'periode akhir 2010', '0.96875400 1262253836', 'DET009', 'VC1', 1.75),
('K016', 'K001', 'periode akhir 2010', '0.96875400 1262253836', 'DET010', 'VC1', 1.5),
('K016', 'K001', 'periode akhir 2010', '0.96875400 1262253836', 'DET011', 'VC1', 2),
('K015', 'K002', 'periode akhir 2010', '0.28125300 1262245836', 'DET001', 'VC2', 5.6),
('K015', 'K002', 'periode akhir 2010', '0.28125300 1262245836', 'DET002', 'VC2', 2.4),
('K015', 'K002', 'periode akhir 2010', '0.28125300 1262245836', 'DET003', 'VC2', 2.1),
('K015', 'K002', 'periode akhir 2010', '0.28125300 1262245836', 'DET004', 'VC2', 2.8),
('K015', 'K002', 'periode akhir 2010', '0.28125300 1262245836', 'DET005', 'VC2', 2.45),
('K015', 'K002', 'periode akhir 2010', '0.28125300 1262245836', 'DET006', 'VC2', 3.6),
('K015', 'K002', 'periode akhir 2010', '0.28125300 1262245836', 'DET007', 'VC2', 3.85),
('K015', 'K002', 'periode akhir 2010', '0.28125300 1262245836', 'DET008', 'VC2', 2),
('K015', 'K002', 'periode akhir 2010', '0.28125300 1262245836', 'DET009', 'VC2', 1.75),
('K015', 'K002', 'periode akhir 2010', '0.28125300 1262245836', 'DET010', 'VC2', 2),
('K015', 'K002', 'periode akhir 2010', '0.28125300 1262245836', 'DET011', 'VC2', 1.75),
('k032', 'K002', 'periode akhir 2010', '0.32812800 1262308430', 'DET001', 'VC2', 5.6),
('k032', 'K002', 'periode akhir 2010', '0.32812800 1262308430', 'DET002', 'VC2', 1.8),
('k032', 'K002', 'periode akhir 2010', '0.32812800 1262308430', 'DET003', 'VC2', 2.1),
('k032', 'K002', 'periode akhir 2010', '0.32812800 1262308430', 'DET004', 'VC2', 2.1),
('k032', 'K002', 'periode akhir 2010', '0.32812800 1262308430', 'DET005', 'VC2', 2.45),
('k032', 'K002', 'periode akhir 2010', '0.32812800 1262308430', 'DET006', 'VC2', 3.15),
('k032', 'K002', 'periode akhir 2010', '0.32812800 1262308430', 'DET007', 'VC2', 3.3),
('k032', 'K002', 'periode akhir 2010', '0.32812800 1262308430', 'DET008', 'VC2', 1.5),
('k032', 'K002', 'periode akhir 2010', '0.32812800 1262308430', 'DET009', 'VC2', 1.75),
('k032', 'K002', 'periode akhir 2010', '0.32812800 1262308430', 'DET010', 'VC2', 2),
('k032', 'K002', 'periode akhir 2010', '0.32812800 1262308430', 'DET011', 'VC2', 2),
('K009', 'K002', 'periode akhir 2010', '0.35937800 1262243712', 'DET001', 'VC2', 4.2),
('K009', 'K002', 'periode akhir 2010', '0.35937800 1262243712', 'DET002', 'VC2', 2.1),
('K009', 'K002', 'periode akhir 2010', '0.35937800 1262243712', 'DET003', 'VC2', 2.4),
('K009', 'K002', 'periode akhir 2010', '0.35937800 1262243712', 'DET004', 'VC2', 2.45),
('K009', 'K002', 'periode akhir 2010', '0.35937800 1262243712', 'DET005', 'VC2', 2.8),
('K009', 'K002', 'periode akhir 2010', '0.35937800 1262243712', 'DET006', 'VC2', 3.6),
('K009', 'K002', 'periode akhir 2010', '0.35937800 1262243712', 'DET007', 'VC2', 3.85),
('K009', 'K002', 'periode akhir 2010', '0.35937800 1262243712', 'DET008', 'VC2', 2.25),
('K009', 'K002', 'periode akhir 2010', '0.35937800 1262243712', 'DET009', 'VC2', 2.25),
('K009', 'K002', 'periode akhir 2010', '0.35937800 1262243712', 'DET010', 'VC2', 2.25),
('K009', 'K002', 'periode akhir 2010', '0.35937800 1262243712', 'DET011', 'VC2', 2.25),
('K008', 'K002', 'periode akhir 2010', '0.43750400 1262243521', 'DET001', 'VC2', 6.3),
('K008', 'K002', 'periode akhir 2010', '0.43750400 1262243521', 'DET002', 'VC2', 2.4),
('K008', 'K002', 'periode akhir 2010', '0.43750400 1262243521', 'DET003', 'VC2', 2.1),
('K008', 'K002', 'periode akhir 2010', '0.43750400 1262243521', 'DET004', 'VC2', 2.8),
('K008', 'K002', 'periode akhir 2010', '0.43750400 1262243521', 'DET005', 'VC2', 2.45),
('K008', 'K002', 'periode akhir 2010', '0.43750400 1262243521', 'DET006', 'VC2', 3.15),
('K008', 'K002', 'periode akhir 2010', '0.43750400 1262243521', 'DET007', 'VC2', 4.4),
('K008', 'K002', 'periode akhir 2010', '0.43750400 1262243521', 'DET008', 'VC2', 1.75),
('K008', 'K002', 'periode akhir 2010', '0.43750400 1262243521', 'DET009', 'VC2', 1.5),
('K008', 'K002', 'periode akhir 2010', '0.43750400 1262243521', 'DET010', 'VC2', 1.75),
('K008', 'K002', 'periode akhir 2010', '0.43750400 1262243521', 'DET011', 'VC2', 1.5),
('K006', 'K002', 'periode akhir 2010', '0.46875300 1262243062', 'DET001', 'VC2', 4.9),
('K006', 'K002', 'periode akhir 2010', '0.46875300 1262243062', 'DET002', 'VC2', 2.1),
('K006', 'K002', 'periode akhir 2010', '0.46875300 1262243062', 'DET003', 'VC2', 1.8),
('K006', 'K002', 'periode akhir 2010', '0.46875300 1262243062', 'DET004', 'VC2', 2.45),
('K006', 'K002', 'periode akhir 2010', '0.46875300 1262243062', 'DET005', 'VC2', 2.1),
('K006', 'K002', 'periode akhir 2010', '0.46875300 1262243062', 'DET006', 'VC2', 2.7),
('K006', 'K002', 'periode akhir 2010', '0.46875300 1262243062', 'DET007', 'VC2', 3.85),
('K006', 'K002', 'periode akhir 2010', '0.46875300 1262243062', 'DET008', 'VC2', 1.5),
('K006', 'K002', 'periode akhir 2010', '0.46875300 1262243062', 'DET009', 'VC2', 1.25),
('K006', 'K002', 'periode akhir 2010', '0.46875300 1262243062', 'DET010', 'VC2', 1.5),
('K006', 'K002', 'periode akhir 2010', '0.46875300 1262243062', 'DET011', 'VC2', 1.25),
('K037', 'K002', 'periode akhir 2010', '0.51562800 1262676731', 'DET001', 'VC2', 5.6),
('K037', 'K002', 'periode akhir 2010', '0.51562800 1262676731', 'DET002', 'VC2', 2.1),
('K037', 'K002', 'periode akhir 2010', '0.51562800 1262676731', 'DET003', 'VC2', 2.4),
('K037', 'K002', 'periode akhir 2010', '0.51562800 1262676731', 'DET004', 'VC2', 2.45),
('K037', 'K002', 'periode akhir 2010', '0.51562800 1262676731', 'DET005', 'VC2', 2.8),
('K037', 'K002', 'periode akhir 2010', '0.51562800 1262676731', 'DET006', 'VC2', 4.05),
('K037', 'K002', 'periode akhir 2010', '0.51562800 1262676731', 'DET007', 'VC2', 4.4),
('K037', 'K002', 'periode akhir 2010', '0.51562800 1262676731', 'DET008', 'VC2', 1.75),
('K037', 'K002', 'periode akhir 2010', '0.51562800 1262676731', 'DET009', 'VC2', 2),
('K037', 'K002', 'periode akhir 2010', '0.51562800 1262676731', 'DET010', 'VC2', 2),
('K037', 'K002', 'periode akhir 2010', '0.51562800 1262676731', 'DET011', 'VC2', 2),
('K007', 'K002', 'periode akhir 2010', '0.62500300 1262243298', 'DET001', 'VC2', 5.6),
('K007', 'K002', 'periode akhir 2010', '0.62500300 1262243298', 'DET002', 'VC2', 2.1),
('K007', 'K002', 'periode akhir 2010', '0.62500300 1262243298', 'DET003', 'VC2', 2.4),
('K007', 'K002', 'periode akhir 2010', '0.62500300 1262243298', 'DET004', 'VC2', 3.15),
('K007', 'K002', 'periode akhir 2010', '0.62500300 1262243298', 'DET005', 'VC2', 2.45),
('K007', 'K002', 'periode akhir 2010', '0.62500300 1262243298', 'DET006', 'VC2', 3.6),
('K007', 'K002', 'periode akhir 2010', '0.62500300 1262243298', 'DET007', 'VC2', 4.95),
('K007', 'K002', 'periode akhir 2010', '0.62500300 1262243298', 'DET008', 'VC2', 2.25),
('K007', 'K002', 'periode akhir 2010', '0.62500300 1262243298', 'DET009', 'VC2', 2),
('K007', 'K002', 'periode akhir 2010', '0.62500300 1262243298', 'DET010', 'VC2', 2.25),
('K007', 'K002', 'periode akhir 2010', '0.62500300 1262243298', 'DET011', 'VC2', 2),
('K014', 'K002', 'periode akhir 2010', '0.64062900 1262245235', 'DET001', 'VC2', 5.6),
('K014', 'K002', 'periode akhir 2010', '0.64062900 1262245235', 'DET002', 'VC2', 2.7),
('K014', 'K002', 'periode akhir 2010', '0.64062900 1262245235', 'DET003', 'VC2', 2.7),
('K014', 'K002', 'periode akhir 2010', '0.64062900 1262245235', 'DET004', 'VC2', 3.15),
('K014', 'K002', 'periode akhir 2010', '0.64062900 1262245235', 'DET005', 'VC2', 2.8),
('K014', 'K002', 'periode akhir 2010', '0.64062900 1262245235', 'DET006', 'VC2', 4.05),
('K014', 'K002', 'periode akhir 2010', '0.64062900 1262245235', 'DET007', 'VC2', 4.4),
('K014', 'K002', 'periode akhir 2010', '0.64062900 1262245235', 'DET008', 'VC2', 2),
('K014', 'K002', 'periode akhir 2010', '0.64062900 1262245235', 'DET009', 'VC2', 1.75),
('K014', 'K002', 'periode akhir 2010', '0.64062900 1262245235', 'DET010', 'VC2', 1.5),
('K014', 'K002', 'periode akhir 2010', '0.64062900 1262245235', 'DET011', 'VC2', 1.25),
('K005', 'K002', 'periode akhir 2010', '0.68750300 1262242911', 'DET001', 'VC2', 6.3),
('K005', 'K002', 'periode akhir 2010', '0.68750300 1262242911', 'DET002', 'VC2', 2.7),
('K005', 'K002', 'periode akhir 2010', '0.68750300 1262242911', 'DET003', 'VC2', 2.7),
('K005', 'K002', 'periode akhir 2010', '0.68750300 1262242911', 'DET004', 'VC2', 2.45),
('K005', 'K002', 'periode akhir 2010', '0.68750300 1262242911', 'DET005', 'VC2', 3.15),
('K005', 'K002', 'periode akhir 2010', '0.68750300 1262242911', 'DET006', 'VC2', 4.05),
('K005', 'K002', 'periode akhir 2010', '0.68750300 1262242911', 'DET007', 'VC2', 4.4),
('K005', 'K002', 'periode akhir 2010', '0.68750300 1262242911', 'DET008', 'VC2', 2.25),
('K005', 'K002', 'periode akhir 2010', '0.68750300 1262242911', 'DET009', 'VC2', 2),
('K005', 'K002', 'periode akhir 2010', '0.68750300 1262242911', 'DET010', 'VC2', 1.75),
('K005', 'K002', 'periode akhir 2010', '0.68750300 1262242911', 'DET011', 'VC2', 2.25),
('K025', 'K002', 'periode akhir 2010', '0.68750300 1262260925', 'DET001', 'VC2', 5.6),
('K025', 'K002', 'periode akhir 2010', '0.68750300 1262260925', 'DET002', 'VC2', 2.7),
('K025', 'K002', 'periode akhir 2010', '0.68750300 1262260925', 'DET003', 'VC2', 2.4),
('K025', 'K002', 'periode akhir 2010', '0.68750300 1262260925', 'DET004', 'VC2', 3.15),
('K025', 'K002', 'periode akhir 2010', '0.68750300 1262260925', 'DET005', 'VC2', 2.8),
('K025', 'K002', 'periode akhir 2010', '0.68750300 1262260925', 'DET006', 'VC2', 4.05),
('K025', 'K002', 'periode akhir 2010', '0.68750300 1262260925', 'DET007', 'VC2', 4.4),
('K025', 'K002', 'periode akhir 2010', '0.68750300 1262260925', 'DET008', 'VC2', 2.25),
('K025', 'K002', 'periode akhir 2010', '0.68750300 1262260925', 'DET009', 'VC2', 2),
('K025', 'K002', 'periode akhir 2010', '0.68750300 1262260925', 'DET010', 'VC2', 1.75),
('K025', 'K002', 'periode akhir 2010', '0.68750300 1262260925', 'DET011', 'VC2', 1.75),
('K024', 'K002', 'periode akhir 2010', '0.73437800 1262260761', 'DET001', 'VC2', 5.6),
('K024', 'K002', 'periode akhir 2010', '0.73437800 1262260761', 'DET002', 'VC2', 2.1),
('K024', 'K002', 'periode akhir 2010', '0.73437800 1262260761', 'DET003', 'VC2', 2.7),
('K024', 'K002', 'periode akhir 2010', '0.73437800 1262260761', 'DET004', 'VC2', 2.8),
('K024', 'K002', 'periode akhir 2010', '0.73437800 1262260761', 'DET005', 'VC2', 3.15),
('K024', 'K002', 'periode akhir 2010', '0.73437800 1262260761', 'DET006', 'VC2', 4.05),
('K024', 'K002', 'periode akhir 2010', '0.73437800 1262260761', 'DET007', 'VC2', 4.95),
('K024', 'K002', 'periode akhir 2010', '0.73437800 1262260761', 'DET008', 'VC2', 2.25),
('K024', 'K002', 'periode akhir 2010', '0.73437800 1262260761', 'DET009', 'VC2', 2),
('K024', 'K002', 'periode akhir 2010', '0.73437800 1262260761', 'DET010', 'VC2', 2.25),
('K024', 'K002', 'periode akhir 2010', '0.73437800 1262260761', 'DET011', 'VC2', 2),
('K031', 'K002', 'periode akhir 2010', '0.79687800 1262308131', 'DET001', 'VC2', 5.6),
('K031', 'K002', 'periode akhir 2010', '0.79687800 1262308131', 'DET002', 'VC2', 2.7),
('K031', 'K002', 'periode akhir 2010', '0.79687800 1262308131', 'DET003', 'VC2', 2.7),
('K031', 'K002', 'periode akhir 2010', '0.79687800 1262308131', 'DET004', 'VC2', 2.8),
('K031', 'K002', 'periode akhir 2010', '0.79687800 1262308131', 'DET005', 'VC2', 3.15),
('K031', 'K002', 'periode akhir 2010', '0.79687800 1262308131', 'DET006', 'VC2', 4.05),
('K031', 'K002', 'periode akhir 2010', '0.79687800 1262308131', 'DET007', 'VC2', 4.4),
('K031', 'K002', 'periode akhir 2010', '0.79687800 1262308131', 'DET008', 'VC2', 2.25),
('K031', 'K002', 'periode akhir 2010', '0.79687800 1262308131', 'DET009', 'VC2', 2.25),
('K031', 'K002', 'periode akhir 2010', '0.79687800 1262308131', 'DET010', 'VC2', 2),
('K031', 'K002', 'periode akhir 2010', '0.79687800 1262308131', 'DET011', 'VC2', 2.25),
('K010', 'K002', 'periode akhir 2010', '0.84375400 1262244040', 'DET001', 'VC2', 5.6),
('K010', 'K002', 'periode akhir 2010', '0.84375400 1262244040', 'DET002', 'VC2', 2.1),
('K010', 'K002', 'periode akhir 2010', '0.84375400 1262244040', 'DET003', 'VC2', 2.4),
('K010', 'K002', 'periode akhir 2010', '0.84375400 1262244040', 'DET004', 'VC2', 3.15),
('K010', 'K002', 'periode akhir 2010', '0.84375400 1262244040', 'DET005', 'VC2', 2.45),
('K010', 'K002', 'periode akhir 2010', '0.84375400 1262244040', 'DET006', 'VC2', 3.6),
('K010', 'K002', 'periode akhir 2010', '0.84375400 1262244040', 'DET007', 'VC2', 4.95),
('K010', 'K002', 'periode akhir 2010', '0.84375400 1262244040', 'DET008', 'VC2', 2.25),
('K010', 'K002', 'periode akhir 2010', '0.84375400 1262244040', 'DET009', 'VC2', 2),
('K010', 'K002', 'periode akhir 2010', '0.84375400 1262244040', 'DET010', 'VC2', 1.75),
('K010', 'K002', 'periode akhir 2010', '0.84375400 1262244040', 'DET011', 'VC2', 1.5),
('K012', 'K002', 'periode akhir 2010', '0.89062900 1262245284', 'DET001', 'VC2', 5.6),
('K012', 'K002', 'periode akhir 2010', '0.89062900 1262245284', 'DET002', 'VC2', 2.7),
('K012', 'K002', 'periode akhir 2010', '0.89062900 1262245284', 'DET003', 'VC2', 2.4),
('K012', 'K002', 'periode akhir 2010', '0.89062900 1262245284', 'DET004', 'VC2', 3.15),
('K012', 'K002', 'periode akhir 2010', '0.89062900 1262245284', 'DET005', 'VC2', 2.8),
('K012', 'K002', 'periode akhir 2010', '0.89062900 1262245284', 'DET006', 'VC2', 3.6),
('K012', 'K002', 'periode akhir 2010', '0.89062900 1262245284', 'DET007', 'VC2', 4.95),
('K012', 'K002', 'periode akhir 2010', '0.89062900 1262245284', 'DET008', 'VC2', 2.25),
('K012', 'K002', 'periode akhir 2010', '0.89062900 1262245284', 'DET009', 'VC2', 2),
('K012', 'K002', 'periode akhir 2010', '0.89062900 1262245284', 'DET010', 'VC2', 1.5),
('K012', 'K002', 'periode akhir 2010', '0.89062900 1262245284', 'DET011', 'VC2', 2),
('K016', 'K002', 'periode akhir 2010', '0.96875400 1262253836', 'DET001', 'VC2', 5.6),
('K016', 'K002', 'periode akhir 2010', '0.96875400 1262253836', 'DET002', 'VC2', 2.4),
('K016', 'K002', 'periode akhir 2010', '0.96875400 1262253836', 'DET003', 'VC2', 2.1),
('K016', 'K002', 'periode akhir 2010', '0.96875400 1262253836', 'DET004', 'VC2', 2.8),
('K016', 'K002', 'periode akhir 2010', '0.96875400 1262253836', 'DET005', 'VC2', 3.15),
('K016', 'K002', 'periode akhir 2010', '0.96875400 1262253836', 'DET006', 'VC2', 4.05),
('K016', 'K002', 'periode akhir 2010', '0.96875400 1262253836', 'DET007', 'VC2', 4.4),
('K016', 'K002', 'periode akhir 2010', '0.96875400 1262253836', 'DET008', 'VC2', 2),
('K016', 'K002', 'periode akhir 2010', '0.96875400 1262253836', 'DET009', 'VC2', 2.25),
('K016', 'K002', 'periode akhir 2010', '0.96875400 1262253836', 'DET010', 'VC2', 2),
('K016', 'K002', 'periode akhir 2010', '0.96875400 1262253836', 'DET011', 'VC2', 2),
('K006', 'K005', 'periode akhir 2010', '0.46875300 1262243062', 'DET001', 'HZ1', 4.2),
('K006', 'K005', 'periode akhir 2010', '0.46875300 1262243062', 'DET002', 'HZ1', 2.1),
('K006', 'K005', 'periode akhir 2010', '0.46875300 1262243062', 'DET003', 'HZ1', 2.4),
('K006', 'K005', 'periode akhir 2010', '0.46875300 1262243062', 'DET004', 'HZ1', 3.15),
('K006', 'K005', 'periode akhir 2010', '0.46875300 1262243062', 'DET005', 'HZ1', 2.8),
('K006', 'K005', 'periode akhir 2010', '0.46875300 1262243062', 'DET006', 'HZ1', 3.15),
('K006', 'K005', 'periode akhir 2010', '0.46875300 1262243062', 'DET007', 'HZ1', 4.4),
('K006', 'K005', 'periode akhir 2010', '0.46875300 1262243062', 'DET008', 'HZ1', 2.25),
('K006', 'K005', 'periode akhir 2010', '0.46875300 1262243062', 'DET009', 'HZ1', 1.75),
('K006', 'K005', 'periode akhir 2010', '0.46875300 1262243062', 'DET010', 'HZ1', 2),
('K006', 'K005', 'periode akhir 2010', '0.46875300 1262243062', 'DET011', 'HZ1', 1.75),
('K006', 'K005', 'periode akhir 2010', '0.46875300 1262243062', 'DET001', 'HZ2', 5.6),
('K006', 'K005', 'periode akhir 2010', '0.46875300 1262243062', 'DET002', 'HZ2', 2.1),
('K006', 'K005', 'periode akhir 2010', '0.46875300 1262243062', 'DET003', 'HZ2', 2.4),
('K006', 'K005', 'periode akhir 2010', '0.46875300 1262243062', 'DET004', 'HZ2', 2.45),
('K006', 'K005', 'periode akhir 2010', '0.46875300 1262243062', 'DET005', 'HZ2', 2.8),
('K006', 'K005', 'periode akhir 2010', '0.46875300 1262243062', 'DET006', 'HZ2', 4.05),
('K006', 'K005', 'periode akhir 2010', '0.46875300 1262243062', 'DET007', 'HZ2', 3.85),
('K006', 'K005', 'periode akhir 2010', '0.46875300 1262243062', 'DET008', 'HZ2', 2),
('K006', 'K005', 'periode akhir 2010', '0.46875300 1262243062', 'DET009', 'HZ2', 1.75),
('K006', 'K005', 'periode akhir 2010', '0.46875300 1262243062', 'DET010', 'HZ2', 2),
('K006', 'K005', 'periode akhir 2010', '0.46875300 1262243062', 'DET011', 'HZ2', 2),
('K005', 'K006', 'periode akhir 2010', '0.68750300 1262242911', 'DET001', 'HZ1', 4.9),
('K005', 'K006', 'periode akhir 2010', '0.68750300 1262242911', 'DET002', 'HZ1', 1.8),
('K005', 'K006', 'periode akhir 2010', '0.68750300 1262242911', 'DET003', 'HZ1', 2.4),
('K005', 'K006', 'periode akhir 2010', '0.68750300 1262242911', 'DET004', 'HZ1', 2.45),
('K005', 'K006', 'periode akhir 2010', '0.68750300 1262242911', 'DET005', 'HZ1', 2.1),
('K005', 'K006', 'periode akhir 2010', '0.68750300 1262242911', 'DET006', 'HZ1', 3.15),
('K005', 'K006', 'periode akhir 2010', '0.68750300 1262242911', 'DET007', 'HZ1', 4.4),
('K005', 'K006', 'periode akhir 2010', '0.68750300 1262242911', 'DET008', 'HZ1', 2),
('K005', 'K006', 'periode akhir 2010', '0.68750300 1262242911', 'DET009', 'HZ1', 1.75),
('K005', 'K006', 'periode akhir 2010', '0.68750300 1262242911', 'DET010', 'HZ1', 1.75),
('K005', 'K006', 'periode akhir 2010', '0.68750300 1262242911', 'DET011', 'HZ1', 2),
('K005', 'K006', 'periode akhir 2010', '0.68750300 1262242911', 'DET001', 'HZ2', 5.6),
('K005', 'K006', 'periode akhir 2010', '0.68750300 1262242911', 'DET002', 'HZ2', 2.1),
('K005', 'K006', 'periode akhir 2010', '0.68750300 1262242911', 'DET003', 'HZ2', 2.4),
('K005', 'K006', 'periode akhir 2010', '0.68750300 1262242911', 'DET004', 'HZ2', 2.45),
('K005', 'K006', 'periode akhir 2010', '0.68750300 1262242911', 'DET005', 'HZ2', 2.1),
('K005', 'K006', 'periode akhir 2010', '0.68750300 1262242911', 'DET006', 'HZ2', 2.7),
('K005', 'K006', 'periode akhir 2010', '0.68750300 1262242911', 'DET007', 'HZ2', 3.85),
('K005', 'K006', 'periode akhir 2010', '0.68750300 1262242911', 'DET008', 'HZ2', 2),
('K005', 'K006', 'periode akhir 2010', '0.68750300 1262242911', 'DET009', 'HZ2', 1.75),
('K005', 'K006', 'periode akhir 2010', '0.68750300 1262242911', 'DET010', 'HZ2', 1.5),
('K005', 'K006', 'periode akhir 2010', '0.68750300 1262242911', 'DET011', 'HZ2', 2),
('K015', 'K007', 'periode akhir 2010', '0.28125300 1262245836', 'DET001', 'HZ1', 5.6),
('K015', 'K007', 'periode akhir 2010', '0.28125300 1262245836', 'DET002', 'HZ1', 2.1),
('K015', 'K007', 'periode akhir 2010', '0.28125300 1262245836', 'DET003', 'HZ1', 2.4),
('K015', 'K007', 'periode akhir 2010', '0.28125300 1262245836', 'DET004', 'HZ1', 2.45),
('K015', 'K007', 'periode akhir 2010', '0.28125300 1262245836', 'DET005', 'HZ1', 2.8),
('K015', 'K007', 'periode akhir 2010', '0.28125300 1262245836', 'DET006', 'HZ1', 3.15),
('K015', 'K007', 'periode akhir 2010', '0.28125300 1262245836', 'DET007', 'HZ1', 4.4),
('K015', 'K007', 'periode akhir 2010', '0.28125300 1262245836', 'DET008', 'HZ1', 1.75),
('K015', 'K007', 'periode akhir 2010', '0.28125300 1262245836', 'DET009', 'HZ1', 2),
('K015', 'K007', 'periode akhir 2010', '0.28125300 1262245836', 'DET010', 'HZ1', 1.75),
('K015', 'K007', 'periode akhir 2010', '0.28125300 1262245836', 'DET011', 'HZ1', 2),
('K009', 'K007', 'periode akhir 2010', '0.35937800 1262243712', 'DET001', 'HZ1', 5.6),
('K009', 'K007', 'periode akhir 2010', '0.35937800 1262243712', 'DET002', 'HZ1', 1.8),
('K009', 'K007', 'periode akhir 2010', '0.35937800 1262243712', 'DET003', 'HZ1', 2.4),
('K009', 'K007', 'periode akhir 2010', '0.35937800 1262243712', 'DET004', 'HZ1', 2.45),
('K009', 'K007', 'periode akhir 2010', '0.35937800 1262243712', 'DET005', 'HZ1', 2.8),
('K009', 'K007', 'periode akhir 2010', '0.35937800 1262243712', 'DET006', 'HZ1', 3.6),
('K009', 'K007', 'periode akhir 2010', '0.35937800 1262243712', 'DET007', 'HZ1', 3.85),
('K009', 'K007', 'periode akhir 2010', '0.35937800 1262243712', 'DET008', 'HZ1', 1.5),
('K009', 'K007', 'periode akhir 2010', '0.35937800 1262243712', 'DET009', 'HZ1', 1.75),
('K009', 'K007', 'periode akhir 2010', '0.35937800 1262243712', 'DET010', 'HZ1', 2),
('K009', 'K007', 'periode akhir 2010', '0.35937800 1262243712', 'DET011', 'HZ1', 1.75),
('K008', 'K007', 'periode akhir 2010', '0.43750400 1262243521', 'DET001', 'HZ1', 5.6),
('K008', 'K007', 'periode akhir 2010', '0.43750400 1262243521', 'DET002', 'HZ1', 2.1),
('K008', 'K007', 'periode akhir 2010', '0.43750400 1262243521', 'DET003', 'HZ1', 2.4),
('K008', 'K007', 'periode akhir 2010', '0.43750400 1262243521', 'DET004', 'HZ1', 3.15),
('K008', 'K007', 'periode akhir 2010', '0.43750400 1262243521', 'DET005', 'HZ1', 2.8),
('K008', 'K007', 'periode akhir 2010', '0.43750400 1262243521', 'DET006', 'HZ1', 3.6),
('K008', 'K007', 'periode akhir 2010', '0.43750400 1262243521', 'DET007', 'HZ1', 3.85),
('K008', 'K007', 'periode akhir 2010', '0.43750400 1262243521', 'DET008', 'HZ1', 2),
('K008', 'K007', 'periode akhir 2010', '0.43750400 1262243521', 'DET009', 'HZ1', 2.25),
('K008', 'K007', 'periode akhir 2010', '0.43750400 1262243521', 'DET010', 'HZ1', 2),
('K008', 'K007', 'periode akhir 2010', '0.43750400 1262243521', 'DET011', 'HZ1', 1.75),
('K037', 'K007', 'periode akhir 2010', '0.51562800 1262676731', 'DET001', 'HZ1', 6.3),
('K037', 'K007', 'periode akhir 2010', '0.51562800 1262676731', 'DET002', 'HZ1', 2.4),
('K037', 'K007', 'periode akhir 2010', '0.51562800 1262676731', 'DET003', 'HZ1', 2.4),
('K037', 'K007', 'periode akhir 2010', '0.51562800 1262676731', 'DET004', 'HZ1', 2.45),
('K037', 'K007', 'periode akhir 2010', '0.51562800 1262676731', 'DET005', 'HZ1', 2.8),
('K037', 'K007', 'periode akhir 2010', '0.51562800 1262676731', 'DET006', 'HZ1', 4.05),
('K037', 'K007', 'periode akhir 2010', '0.51562800 1262676731', 'DET007', 'HZ1', 4.4),
('K037', 'K007', 'periode akhir 2010', '0.51562800 1262676731', 'DET008', 'HZ1', 2.25),
('K037', 'K007', 'periode akhir 2010', '0.51562800 1262676731', 'DET009', 'HZ1', 2),
('K037', 'K007', 'periode akhir 2010', '0.51562800 1262676731', 'DET010', 'HZ1', 2.25),
('K037', 'K007', 'periode akhir 2010', '0.51562800 1262676731', 'DET011', 'HZ1', 2),
('K014', 'K007', 'periode akhir 2010', '0.64062900 1262245235', 'DET001', 'HZ1', 6.3),
('K014', 'K007', 'periode akhir 2010', '0.64062900 1262245235', 'DET002', 'HZ1', 2.4),
('K014', 'K007', 'periode akhir 2010', '0.64062900 1262245235', 'DET003', 'HZ1', 2.4),
('K014', 'K007', 'periode akhir 2010', '0.64062900 1262245235', 'DET004', 'HZ1', 3.15),
('K014', 'K007', 'periode akhir 2010', '0.64062900 1262245235', 'DET005', 'HZ1', 2.8),
('K014', 'K007', 'periode akhir 2010', '0.64062900 1262245235', 'DET006', 'HZ1', 3.6),
('K014', 'K007', 'periode akhir 2010', '0.64062900 1262245235', 'DET007', 'HZ1', 4.95),
('K014', 'K007', 'periode akhir 2010', '0.64062900 1262245235', 'DET008', 'HZ1', 2.25),
('K014', 'K007', 'periode akhir 2010', '0.64062900 1262245235', 'DET009', 'HZ1', 2),
('K014', 'K007', 'periode akhir 2010', '0.64062900 1262245235', 'DET010', 'HZ1', 2),
('K014', 'K007', 'periode akhir 2010', '0.64062900 1262245235', 'DET011', 'HZ1', 2.25),
('K010', 'K007', 'periode akhir 2010', '0.84375400 1262244040', 'DET001', 'HZ1', 4.2),
('K010', 'K007', 'periode akhir 2010', '0.84375400 1262244040', 'DET002', 'HZ1', 2.1),
('K010', 'K007', 'periode akhir 2010', '0.84375400 1262244040', 'DET003', 'HZ1', 2.1),
('K010', 'K007', 'periode akhir 2010', '0.84375400 1262244040', 'DET004', 'HZ1', 2.8),
('K010', 'K007', 'periode akhir 2010', '0.84375400 1262244040', 'DET005', 'HZ1', 2.45),
('K010', 'K007', 'periode akhir 2010', '0.84375400 1262244040', 'DET006', 'HZ1', 3.15),
('K010', 'K007', 'periode akhir 2010', '0.84375400 1262244040', 'DET007', 'HZ1', 4.95),
('K010', 'K007', 'periode akhir 2010', '0.84375400 1262244040', 'DET008', 'HZ1', 1.75),
('K010', 'K007', 'periode akhir 2010', '0.84375400 1262244040', 'DET009', 'HZ1', 2),
('K010', 'K007', 'periode akhir 2010', '0.84375400 1262244040', 'DET010', 'HZ1', 2),
('K010', 'K007', 'periode akhir 2010', '0.84375400 1262244040', 'DET011', 'HZ1', 2),
('K012', 'K007', 'periode akhir 2010', '0.89062900 1262245284', 'DET001', 'HZ1', 5.6),
('K012', 'K007', 'periode akhir 2010', '0.89062900 1262245284', 'DET002', 'HZ1', 2.4),
('K012', 'K007', 'periode akhir 2010', '0.89062900 1262245284', 'DET003', 'HZ1', 2.7),
('K012', 'K007', 'periode akhir 2010', '0.89062900 1262245284', 'DET004', 'HZ1', 2.8),
('K012', 'K007', 'periode akhir 2010', '0.89062900 1262245284', 'DET005', 'HZ1', 2.45),
('K012', 'K007', 'periode akhir 2010', '0.89062900 1262245284', 'DET006', 'HZ1', 3.15),
('K012', 'K007', 'periode akhir 2010', '0.89062900 1262245284', 'DET007', 'HZ1', 4.95),
('K012', 'K007', 'periode akhir 2010', '0.89062900 1262245284', 'DET008', 'HZ1', 2.25),
('K012', 'K007', 'periode akhir 2010', '0.89062900 1262245284', 'DET009', 'HZ1', 2),
('K012', 'K007', 'periode akhir 2010', '0.89062900 1262245284', 'DET010', 'HZ1', 1.75),
('K012', 'K007', 'periode akhir 2010', '0.89062900 1262245284', 'DET011', 'HZ1', 2.25),
('K016', 'K007', 'periode akhir 2010', '0.96875400 1262253836', 'DET001', 'HZ1', 6.3),
('K016', 'K007', 'periode akhir 2010', '0.96875400 1262253836', 'DET002', 'HZ1', 2.4),
('K016', 'K007', 'periode akhir 2010', '0.96875400 1262253836', 'DET003', 'HZ1', 2.4),
('K016', 'K007', 'periode akhir 2010', '0.96875400 1262253836', 'DET004', 'HZ1', 3.15),
('K016', 'K007', 'periode akhir 2010', '0.96875400 1262253836', 'DET005', 'HZ1', 3.15),
('K016', 'K007', 'periode akhir 2010', '0.96875400 1262253836', 'DET006', 'HZ1', 4.05),
('K016', 'K007', 'periode akhir 2010', '0.96875400 1262253836', 'DET007', 'HZ1', 0),
('K016', 'K007', 'periode akhir 2010', '0.96875400 1262253836', 'DET008', 'HZ1', 2.25),
('K016', 'K007', 'periode akhir 2010', '0.96875400 1262253836', 'DET009', 'HZ1', 2.25),
('K016', 'K007', 'periode akhir 2010', '0.96875400 1262253836', 'DET010', 'HZ1', 2.25),
('K016', 'K007', 'periode akhir 2010', '0.96875400 1262253836', 'DET011', 'HZ1', 2),
('K007', 'K008', 'periode akhir 2010', '0.62500300 1262243298', 'DET001', 'HZ1', 5.6),
('K007', 'K008', 'periode akhir 2010', '0.62500300 1262243298', 'DET002', 'HZ1', 2.1),
('K007', 'K008', 'periode akhir 2010', '0.62500300 1262243298', 'DET003', 'HZ1', 1.8),
('K007', 'K008', 'periode akhir 2010', '0.62500300 1262243298', 'DET004', 'HZ1', 2.45),
('K007', 'K008', 'periode akhir 2010', '0.62500300 1262243298', 'DET005', 'HZ1', 2.8),
('K007', 'K008', 'periode akhir 2010', '0.62500300 1262243298', 'DET006', 'HZ1', 3.15),
('K007', 'K008', 'periode akhir 2010', '0.62500300 1262243298', 'DET007', 'HZ1', 4.4),
('K007', 'K008', 'periode akhir 2010', '0.62500300 1262243298', 'DET008', 'HZ1', 2),
('K007', 'K008', 'periode akhir 2010', '0.62500300 1262243298', 'DET009', 'HZ1', 2),
('K007', 'K008', 'periode akhir 2010', '0.62500300 1262243298', 'DET010', 'HZ1', 2),
('K007', 'K008', 'periode akhir 2010', '0.62500300 1262243298', 'DET011', 'HZ1', 1.75),
('K015', 'K008', 'periode akhir 2010', '0.28125300 1262245836', 'DET001', 'HZ2', 5.6),
('K015', 'K008', 'periode akhir 2010', '0.28125300 1262245836', 'DET002', 'HZ2', 2.1),
('K015', 'K008', 'periode akhir 2010', '0.28125300 1262245836', 'DET003', 'HZ2', 0.3),
('K015', 'K008', 'periode akhir 2010', '0.28125300 1262245836', 'DET004', 'HZ2', 0.35),
('K015', 'K008', 'periode akhir 2010', '0.28125300 1262245836', 'DET005', 'HZ2', 0.35),
('K015', 'K008', 'periode akhir 2010', '0.28125300 1262245836', 'DET006', 'HZ2', 3.15),
('K015', 'K008', 'periode akhir 2010', '0.28125300 1262245836', 'DET007', 'HZ2', 4.4),
('K015', 'K008', 'periode akhir 2010', '0.28125300 1262245836', 'DET008', 'HZ2', 2),
('K015', 'K008', 'periode akhir 2010', '0.28125300 1262245836', 'DET009', 'HZ2', 2.25),
('K015', 'K008', 'periode akhir 2010', '0.28125300 1262245836', 'DET010', 'HZ2', 2),
('K015', 'K008', 'periode akhir 2010', '0.28125300 1262245836', 'DET011', 'HZ2', 1.75),
('K009', 'K008', 'periode akhir 2010', '0.35937800 1262243712', 'DET001', 'HZ2', 5.6),
('K009', 'K008', 'periode akhir 2010', '0.35937800 1262243712', 'DET002', 'HZ2', 2.1),
('K009', 'K008', 'periode akhir 2010', '0.35937800 1262243712', 'DET003', 'HZ2', 2.1),
('K009', 'K008', 'periode akhir 2010', '0.35937800 1262243712', 'DET004', 'HZ2', 2.8),
('K009', 'K008', 'periode akhir 2010', '0.35937800 1262243712', 'DET005', 'HZ2', 2.45),
('K009', 'K008', 'periode akhir 2010', '0.35937800 1262243712', 'DET006', 'HZ2', 3.6),
('K009', 'K008', 'periode akhir 2010', '0.35937800 1262243712', 'DET007', 'HZ2', 3.3),
('K009', 'K008', 'periode akhir 2010', '0.35937800 1262243712', 'DET008', 'HZ2', 1.25),
('K009', 'K008', 'periode akhir 2010', '0.35937800 1262243712', 'DET009', 'HZ2', 1.75),
('K009', 'K008', 'periode akhir 2010', '0.35937800 1262243712', 'DET010', 'HZ2', 1.25),
('K009', 'K008', 'periode akhir 2010', '0.35937800 1262243712', 'DET011', 'HZ2', 1.25),
('K037', 'K008', 'periode akhir 2010', '0.51562800 1262676731', 'DET001', 'HZ2', 5.6),
('K037', 'K008', 'periode akhir 2010', '0.51562800 1262676731', 'DET002', 'HZ2', 2.1),
('K037', 'K008', 'periode akhir 2010', '0.51562800 1262676731', 'DET003', 'HZ2', 2.4),
('K037', 'K008', 'periode akhir 2010', '0.51562800 1262676731', 'DET004', 'HZ2', 2.45),
('K037', 'K008', 'periode akhir 2010', '0.51562800 1262676731', 'DET005', 'HZ2', 2.8),
('K037', 'K008', 'periode akhir 2010', '0.51562800 1262676731', 'DET006', 'HZ2', 3.6),
('K037', 'K008', 'periode akhir 2010', '0.51562800 1262676731', 'DET007', 'HZ2', 3.85),
('K037', 'K008', 'periode akhir 2010', '0.51562800 1262676731', 'DET008', 'HZ2', 2),
('K037', 'K008', 'periode akhir 2010', '0.51562800 1262676731', 'DET009', 'HZ2', 2.25),
('K037', 'K008', 'periode akhir 2010', '0.51562800 1262676731', 'DET010', 'HZ2', 1.75),
('K037', 'K008', 'periode akhir 2010', '0.51562800 1262676731', 'DET011', 'HZ2', 2),
('K014', 'K008', 'periode akhir 2010', '0.64062900 1262245235', 'DET001', 'HZ2', 6.3),
('K014', 'K008', 'periode akhir 2010', '0.64062900 1262245235', 'DET002', 'HZ2', 2.1),
('K014', 'K008', 'periode akhir 2010', '0.64062900 1262245235', 'DET003', 'HZ2', 2.4),
('K014', 'K008', 'periode akhir 2010', '0.64062900 1262245235', 'DET004', 'HZ2', 2.45),
('K014', 'K008', 'periode akhir 2010', '0.64062900 1262245235', 'DET005', 'HZ2', 3.15),
('K014', 'K008', 'periode akhir 2010', '0.64062900 1262245235', 'DET006', 'HZ2', 3.6),
('K014', 'K008', 'periode akhir 2010', '0.64062900 1262245235', 'DET007', 'HZ2', 4.95),
('K014', 'K008', 'periode akhir 2010', '0.64062900 1262245235', 'DET008', 'HZ2', 2),
('K014', 'K008', 'periode akhir 2010', '0.64062900 1262245235', 'DET009', 'HZ2', 2),
('K014', 'K008', 'periode akhir 2010', '0.64062900 1262245235', 'DET010', 'HZ2', 1.75),
('K014', 'K008', 'periode akhir 2010', '0.64062900 1262245235', 'DET011', 'HZ2', 2.25),
('K010', 'K008', 'periode akhir 2010', '0.84375400 1262244040', 'DET001', 'HZ2', 5.6),
('K010', 'K008', 'periode akhir 2010', '0.84375400 1262244040', 'DET002', 'HZ2', 2.1),
('K010', 'K008', 'periode akhir 2010', '0.84375400 1262244040', 'DET003', 'HZ2', 2.4),
('K010', 'K008', 'periode akhir 2010', '0.84375400 1262244040', 'DET004', 'HZ2', 2.8),
('K010', 'K008', 'periode akhir 2010', '0.84375400 1262244040', 'DET005', 'HZ2', 3.15),
('K010', 'K008', 'periode akhir 2010', '0.84375400 1262244040', 'DET006', 'HZ2', 3.6),
('K010', 'K008', 'periode akhir 2010', '0.84375400 1262244040', 'DET007', 'HZ2', 4.4),
('K010', 'K008', 'periode akhir 2010', '0.84375400 1262244040', 'DET008', 'HZ2', 2.25),
('K010', 'K008', 'periode akhir 2010', '0.84375400 1262244040', 'DET009', 'HZ2', 2.25),
('K010', 'K008', 'periode akhir 2010', '0.84375400 1262244040', 'DET010', 'HZ2', 2),
('K010', 'K008', 'periode akhir 2010', '0.84375400 1262244040', 'DET011', 'HZ2', 2.5),
('K012', 'K008', 'periode akhir 2010', '0.89062900 1262245284', 'DET001', 'HZ2', 5.6),
('K012', 'K008', 'periode akhir 2010', '0.89062900 1262245284', 'DET002', 'HZ2', 2.7),
('K012', 'K008', 'periode akhir 2010', '0.89062900 1262245284', 'DET003', 'HZ2', 2.1),
('K012', 'K008', 'periode akhir 2010', '0.89062900 1262245284', 'DET004', 'HZ2', 2.8),
('K012', 'K008', 'periode akhir 2010', '0.89062900 1262245284', 'DET005', 'HZ2', 3.15),
('K012', 'K008', 'periode akhir 2010', '0.89062900 1262245284', 'DET006', 'HZ2', 4.05),
('K012', 'K008', 'periode akhir 2010', '0.89062900 1262245284', 'DET007', 'HZ2', 4.4),
('K012', 'K008', 'periode akhir 2010', '0.89062900 1262245284', 'DET008', 'HZ2', 2),
('K012', 'K008', 'periode akhir 2010', '0.89062900 1262245284', 'DET009', 'HZ2', 2.25),
('K012', 'K008', 'periode akhir 2010', '0.89062900 1262245284', 'DET010', 'HZ2', 2),
('K012', 'K008', 'periode akhir 2010', '0.89062900 1262245284', 'DET011', 'HZ2', 2.25),
('K016', 'K008', 'periode akhir 2010', '0.96875400 1262253836', 'DET001', 'HZ2', 6.3),
('K016', 'K008', 'periode akhir 2010', '0.96875400 1262253836', 'DET002', 'HZ2', 2.1),
('K016', 'K008', 'periode akhir 2010', '0.96875400 1262253836', 'DET003', 'HZ2', 2.1),
('K016', 'K008', 'periode akhir 2010', '0.96875400 1262253836', 'DET004', 'HZ2', 2.8),
('K016', 'K008', 'periode akhir 2010', '0.96875400 1262253836', 'DET005', 'HZ2', 2.1),
('K016', 'K008', 'periode akhir 2010', '0.96875400 1262253836', 'DET006', 'HZ2', 3.15),
('K016', 'K008', 'periode akhir 2010', '0.96875400 1262253836', 'DET007', 'HZ2', 4.4),
('K016', 'K008', 'periode akhir 2010', '0.96875400 1262253836', 'DET008', 'HZ2', 2.25),
('K016', 'K008', 'periode akhir 2010', '0.96875400 1262253836', 'DET009', 'HZ2', 2),
('K016', 'K008', 'periode akhir 2010', '0.96875400 1262253836', 'DET010', 'HZ2', 1.75),
('K016', 'K008', 'periode akhir 2010', '0.96875400 1262253836', 'DET011', 'HZ2', 1),
('K008', 'K010', 'periode akhir 2010', '0.43750400 1262243521', 'DET001', 'HZ2', 5.6),
('K008', 'K010', 'periode akhir 2010', '0.43750400 1262243521', 'DET002', 'HZ2', 2.1),
('K008', 'K010', 'periode akhir 2010', '0.43750400 1262243521', 'DET003', 'HZ2', 2.4),
('K008', 'K010', 'periode akhir 2010', '0.43750400 1262243521', 'DET004', 'HZ2', 2.45),
('K008', 'K010', 'periode akhir 2010', '0.43750400 1262243521', 'DET005', 'HZ2', 2.8),
('K008', 'K010', 'periode akhir 2010', '0.43750400 1262243521', 'DET006', 'HZ2', 3.15),
('K008', 'K010', 'periode akhir 2010', '0.43750400 1262243521', 'DET007', 'HZ2', 4.4),
('K008', 'K010', 'periode akhir 2010', '0.43750400 1262243521', 'DET008', 'HZ2', 1.75),
('K008', 'K010', 'periode akhir 2010', '0.43750400 1262243521', 'DET009', 'HZ2', 2),
('K008', 'K010', 'periode akhir 2010', '0.43750400 1262243521', 'DET010', 'HZ2', 1.75),
('K008', 'K010', 'periode akhir 2010', '0.43750400 1262243521', 'DET011', 'HZ2', 2),
('K007', 'K010', 'periode akhir 2010', '0.62500300 1262243298', 'DET001', 'HZ2', 3.5),
('K007', 'K010', 'periode akhir 2010', '0.62500300 1262243298', 'DET002', 'HZ2', 1.8),
('K007', 'K010', 'periode akhir 2010', '0.62500300 1262243298', 'DET003', 'HZ2', 2.4),
('K007', 'K010', 'periode akhir 2010', '0.62500300 1262243298', 'DET004', 'HZ2', 2.45),
('K007', 'K010', 'periode akhir 2010', '0.62500300 1262243298', 'DET005', 'HZ2', 2.8),
('K007', 'K010', 'periode akhir 2010', '0.62500300 1262243298', 'DET006', 'HZ2', 3.6),
('K007', 'K010', 'periode akhir 2010', '0.62500300 1262243298', 'DET007', 'HZ2', 4.95),
('K007', 'K010', 'periode akhir 2010', '0.62500300 1262243298', 'DET008', 'HZ2', 1.75),
('K007', 'K010', 'periode akhir 2010', '0.62500300 1262243298', 'DET009', 'HZ2', 2),
('K007', 'K010', 'periode akhir 2010', '0.62500300 1262243298', 'DET010', 'HZ2', 1.75),
('K007', 'K010', 'periode akhir 2010', '0.62500300 1262243298', 'DET011', 'HZ2', 2),
('k032', 'K031', 'periode akhir 2010', '0.32812800 1262308430', 'DET001', 'HZ1', 2.8),
('k032', 'K031', 'periode akhir 2010', '0.32812800 1262308430', 'DET002', 'HZ1', 1.5),
('k032', 'K031', 'periode akhir 2010', '0.32812800 1262308430', 'DET003', 'HZ1', 1.8),
('k032', 'K031', 'periode akhir 2010', '0.32812800 1262308430', 'DET004', 'HZ1', 2.45),
('k032', 'K031', 'periode akhir 2010', '0.32812800 1262308430', 'DET005', 'HZ1', 2.1),
('k032', 'K031', 'periode akhir 2010', '0.32812800 1262308430', 'DET006', 'HZ1', 2.7),
('k032', 'K031', 'periode akhir 2010', '0.32812800 1262308430', 'DET007', 'HZ1', 3.85),
('k032', 'K031', 'periode akhir 2010', '0.32812800 1262308430', 'DET008', 'HZ1', 1.75),
('k032', 'K031', 'periode akhir 2010', '0.32812800 1262308430', 'DET009', 'HZ1', 1.5),
('k032', 'K031', 'periode akhir 2010', '0.32812800 1262308430', 'DET010', 'HZ1', 1.75),
('k032', 'K031', 'periode akhir 2010', '0.32812800 1262308430', 'DET011', 'HZ1', 1.75),
('k032', 'K031', 'periode akhir 2010', '0.32812800 1262308430', 'DET001', 'HZ2', 4.9),
('k032', 'K031', 'periode akhir 2010', '0.32812800 1262308430', 'DET002', 'HZ2', 2.4),
('k032', 'K031', 'periode akhir 2010', '0.32812800 1262308430', 'DET003', 'HZ2', 2.4),
('k032', 'K031', 'periode akhir 2010', '0.32812800 1262308430', 'DET004', 'HZ2', 2.45),
('k032', 'K031', 'periode akhir 2010', '0.32812800 1262308430', 'DET005', 'HZ2', 2.8),
('k032', 'K031', 'periode akhir 2010', '0.32812800 1262308430', 'DET006', 'HZ2', 3.15),
('k032', 'K031', 'periode akhir 2010', '0.32812800 1262308430', 'DET007', 'HZ2', 4.4),
('k032', 'K031', 'periode akhir 2010', '0.32812800 1262308430', 'DET008', 'HZ2', 2.25),
('k032', 'K031', 'periode akhir 2010', '0.32812800 1262308430', 'DET009', 'HZ2', 2),
('k032', 'K031', 'periode akhir 2010', '0.32812800 1262308430', 'DET010', 'HZ2', 1.75),
('k032', 'K031', 'periode akhir 2010', '0.32812800 1262308430', 'DET011', 'HZ2', 1.75),
('K031', 'K032', 'periode akhir 2010', '0.79687800 1262308131', 'DET001', 'HZ1', 3.5),
('K031', 'K032', 'periode akhir 2010', '0.79687800 1262308131', 'DET002', 'HZ1', 1.2),
('K031', 'K032', 'periode akhir 2010', '0.79687800 1262308131', 'DET003', 'HZ1', 1.8),
('K031', 'K032', 'periode akhir 2010', '0.79687800 1262308131', 'DET004', 'HZ1', 2.45),
('K031', 'K032', 'periode akhir 2010', '0.79687800 1262308131', 'DET005', 'HZ1', 2.8),
('K031', 'K032', 'periode akhir 2010', '0.79687800 1262308131', 'DET006', 'HZ1', 3.6),
('K031', 'K032', 'periode akhir 2010', '0.79687800 1262308131', 'DET007', 'HZ1', 3.85),
('K031', 'K032', 'periode akhir 2010', '0.79687800 1262308131', 'DET008', 'HZ1', 2),
('K031', 'K032', 'periode akhir 2010', '0.79687800 1262308131', 'DET009', 'HZ1', 1.75),
('K031', 'K032', 'periode akhir 2010', '0.79687800 1262308131', 'DET010', 'HZ1', 1.5),
('K031', 'K032', 'periode akhir 2010', '0.79687800 1262308131', 'DET011', 'HZ1', 1.75),
('K025', 'K024', 'periode akhir 2010', '0.68750300 1262260925', 'DET001', 'HZ1', 3.5),
('K025', 'K024', 'periode akhir 2010', '0.68750300 1262260925', 'DET002', 'HZ1', 1.8),
('K025', 'K024', 'periode akhir 2010', '0.68750300 1262260925', 'DET003', 'HZ1', 2.1),
('K025', 'K024', 'periode akhir 2010', '0.68750300 1262260925', 'DET004', 'HZ1', 2.1),
('K025', 'K024', 'periode akhir 2010', '0.68750300 1262260925', 'DET005', 'HZ1', 2.45),
('K025', 'K024', 'periode akhir 2010', '0.68750300 1262260925', 'DET006', 'HZ1', 3.6),
('K025', 'K024', 'periode akhir 2010', '0.68750300 1262260925', 'DET007', 'HZ1', 3.85),
('K025', 'K024', 'periode akhir 2010', '0.68750300 1262260925', 'DET008', 'HZ1', 2),
('K025', 'K024', 'periode akhir 2010', '0.68750300 1262260925', 'DET009', 'HZ1', 1.75),
('K025', 'K024', 'periode akhir 2010', '0.68750300 1262260925', 'DET010', 'HZ1', 2),
('K025', 'K024', 'periode akhir 2010', '0.68750300 1262260925', 'DET011', 'HZ1', 1.75);

-- --------------------------------------------------------

--
-- Table structure for table `nilai_per_kriteria`
--

CREATE TABLE IF NOT EXISTS `nilai_per_kriteria` (
  `KODE_KARYAWAN` varchar(10) NOT NULL,
  `PENILAI` varchar(10) NOT NULL,
  `ID_PERIODE` varchar(100) NOT NULL,
  `ID_DEP_DIV_JAB` varchar(25) NOT NULL,
  `ID_KRITERIA` varchar(10) NOT NULL,
  `ID_LEVEL` varchar(10) NOT NULL,
  `NILAI` double DEFAULT NULL,
  PRIMARY KEY (`KODE_KARYAWAN`,`PENILAI`,`ID_PERIODE`,`ID_DEP_DIV_JAB`,`ID_KRITERIA`,`ID_LEVEL`)
) ENGINE=MyISAM DEFAULT CHARSET=latin1;

--
-- Dumping data for table `nilai_per_kriteria`
--

INSERT INTO `nilai_per_kriteria` (`KODE_KARYAWAN`, `PENILAI`, `ID_PERIODE`, `ID_DEP_DIV_JAB`, `ID_KRITERIA`, `ID_LEVEL`, `NILAI`) VALUES
('K015', 'K001', 'periode awal 2010', '0.28125300 1262245836', 'KRIT003', 'VC1', 6.35),
('K015', 'K001', 'periode awal 2010', '0.28125300 1262245836', 'KRIT002', 'VC1', 6.95),
('K015', 'K001', 'periode awal 2010', '0.28125300 1262245836', 'KRIT001', 'VC1', 6.7),
('K008', 'K001', 'periode awal 2010', '0.43750400 1262243521', 'KRIT001', 'VC1', 5.3),
('K008', 'K001', 'periode awal 2010', '0.43750400 1262243521', 'KRIT002', 'VC1', 6.4),
('K008', 'K001', 'periode awal 2010', '0.43750400 1262243521', 'KRIT003', 'VC1', 1),
('K008', 'K001', 'periode awal 2010', '0.43750400 1262243521', 'KRIT004', 'VC1', 1),
('K007', 'K001', 'periode awal 2010', '0.62500300 1262243298', 'KRIT001', 'VC1', 9),
('K007', 'K001', 'periode awal 2010', '0.62500300 1262243298', 'KRIT002', 'VC1', 9),
('K007', 'K001', 'periode awal 2010', '0.62500300 1262243298', 'KRIT003', 'VC1', 9),
('K007', 'K001', 'periode awal 2010', '0.62500300 1262243298', 'KRIT004', 'VC1', 9),
('K010', 'K001', 'periode awal 2010', '0.84375400 1262244040', 'KRIT001', 'VC1', 7),
('K010', 'K001', 'periode awal 2010', '0.84375400 1262244040', 'KRIT002', 'VC1', 7),
('K010', 'K001', 'periode awal 2010', '0.84375400 1262244040', 'KRIT003', 'VC1', 7.55),
('K010', 'K001', 'periode awal 2010', '0.84375400 1262244040', 'KRIT004', 'VC1', 8.75),
('K008', 'K002', 'periode awal 2010', '0.43750400 1262243521', 'KRIT001', 'VC2', 9),
('K008', 'K002', 'periode awal 2010', '0.43750400 1262243521', 'KRIT002', 'VC2', 9),
('K008', 'K002', 'periode awal 2010', '0.43750400 1262243521', 'KRIT003', 'VC2', 9),
('K008', 'K002', 'periode awal 2010', '0.43750400 1262243521', 'KRIT004', 'VC2', 9),
('K007', 'K002', 'periode awal 2010', '0.62500300 1262243298', 'KRIT001', 'VC2', 8),
('K007', 'K002', 'periode awal 2010', '0.62500300 1262243298', 'KRIT002', 'VC2', 7.65),
('K007', 'K002', 'periode awal 2010', '0.62500300 1262243298', 'KRIT003', 'VC2', 9.1),
('K007', 'K002', 'periode awal 2010', '0.62500300 1262243298', 'KRIT004', 'VC2', 10),
('K010', 'K002', 'periode awal 2010', '0.84375400 1262244040', 'KRIT001', 'VC2', 1),
('K010', 'K002', 'periode awal 2010', '0.84375400 1262244040', 'KRIT002', 'VC2', 1),
('K010', 'K002', 'periode awal 2010', '0.84375400 1262244040', 'KRIT003', 'VC2', 1),
('K010', 'K002', 'periode awal 2010', '0.84375400 1262244040', 'KRIT004', 'VC2', 1),
('K008', 'K010', 'periode awal 2010', '0.43750400 1262243521', 'KRIT001', 'HZ1', 10),
('K008', 'K010', 'periode awal 2010', '0.43750400 1262243521', 'KRIT002', 'HZ1', 10),
('K008', 'K010', 'periode awal 2010', '0.43750400 1262243521', 'KRIT003', 'HZ1', 10),
('K008', 'K010', 'periode awal 2010', '0.43750400 1262243521', 'KRIT004', 'HZ1', 10),
('K007', 'K008', 'periode awal 2010', '0.62500300 1262243298', 'KRIT001', 'HZ1', 7),
('K007', 'K008', 'periode awal 2010', '0.62500300 1262243298', 'KRIT002', 'HZ1', 7),
('K007', 'K008', 'periode awal 2010', '0.62500300 1262243298', 'KRIT003', 'HZ1', 7),
('K007', 'K008', 'periode awal 2010', '0.62500300 1262243298', 'KRIT004', 'HZ1', 7),
('K010', 'K012', 'periode awal 2010', '0.84375400 1262244040', 'KRIT001', 'HZ1', 7),
('K010', 'K012', 'periode awal 2010', '0.84375400 1262244040', 'KRIT002', 'HZ1', 8),
('K010', 'K012', 'periode awal 2010', '0.84375400 1262244040', 'KRIT003', 'HZ1', 8),
('K010', 'K012', 'periode awal 2010', '0.84375400 1262244040', 'KRIT004', 'HZ1', 8),
('K015', 'K001', 'periode awal 2010', '0.28125300 1262245836', 'KRIT004', 'VC1', 8.75),
('k032', 'K001', 'periode awal 2010', '0.32812800 1262308430', 'KRIT001', 'VC1', 8),
('k032', 'K001', 'periode awal 2010', '0.32812800 1262308430', 'KRIT002', 'VC1', 7.25),
('k032', 'K001', 'periode awal 2010', '0.32812800 1262308430', 'KRIT003', 'VC1', 8.45),
('k032', 'K001', 'periode awal 2010', '0.32812800 1262308430', 'KRIT004', 'VC1', 10),
('K006', 'K001', 'periode awal 2010', '0.46875300 1262243062', 'KRIT001', 'VC1', 8),
('K006', 'K001', 'periode awal 2010', '0.46875300 1262243062', 'KRIT002', 'VC1', 7.95),
('K006', 'K001', 'periode awal 2010', '0.46875300 1262243062', 'KRIT003', 'VC1', 8.1),
('K006', 'K001', 'periode awal 2010', '0.46875300 1262243062', 'KRIT004', 'VC1', 7.5),
('K014', 'K001', 'periode awal 2010', '0.64062900 1262245235', 'KRIT001', 'VC1', 6.7),
('K014', 'K001', 'periode awal 2010', '0.64062900 1262245235', 'KRIT002', 'VC1', 7.3),
('K014', 'K001', 'periode awal 2010', '0.64062900 1262245235', 'KRIT003', 'VC1', 8.45),
('K014', 'K001', 'periode awal 2010', '0.64062900 1262245235', 'KRIT004', 'VC1', 7.75),
('K005', 'K001', 'periode awal 2010', '0.68750300 1262242911', 'KRIT001', 'VC1', 7.7),
('K005', 'K001', 'periode awal 2010', '0.68750300 1262242911', 'KRIT002', 'VC1', 8),
('K005', 'K001', 'periode awal 2010', '0.68750300 1262242911', 'KRIT003', 'VC1', 8),
('K005', 'K001', 'periode awal 2010', '0.68750300 1262242911', 'KRIT004', 'VC1', 6.25),
('K025', 'K001', 'periode awal 2010', '0.68750300 1262260925', 'KRIT001', 'VC1', 7.7),
('K025', 'K001', 'periode awal 2010', '0.68750300 1262260925', 'KRIT002', 'VC1', 6.65),
('K025', 'K001', 'periode awal 2010', '0.68750300 1262260925', 'KRIT003', 'VC1', 8.55),
('K025', 'K001', 'periode awal 2010', '0.68750300 1262260925', 'KRIT004', 'VC1', 6.75),
('K024', 'K001', 'periode awal 2010', '0.73437800 1262260761', 'KRIT001', 'VC1', 7),
('K024', 'K001', 'periode awal 2010', '0.73437800 1262260761', 'KRIT002', 'VC1', 8),
('K024', 'K001', 'periode awal 2010', '0.73437800 1262260761', 'KRIT003', 'VC1', 9),
('K024', 'K001', 'periode awal 2010', '0.73437800 1262260761', 'KRIT004', 'VC1', 10),
('K016', 'K001', 'periode awal 2010', '0.96875400 1262253836', 'KRIT001', 'VC1', 8),
('K016', 'K001', 'periode awal 2010', '0.96875400 1262253836', 'KRIT002', 'VC1', 8.65),
('K016', 'K001', 'periode awal 2010', '0.96875400 1262253836', 'KRIT003', 'VC1', 9),
('K016', 'K001', 'periode awal 2010', '0.96875400 1262253836', 'KRIT004', 'VC1', 8.25),
('k032', 'K001', 'periode awal 2010', '0.32812800 1262308430', 'KRIT001', 'VC2', 5.9),
('k032', 'K001', 'periode awal 2010', '0.32812800 1262308430', 'KRIT002', 'VC2', 6.65),
('k032', 'K001', 'periode awal 2010', '0.32812800 1262308430', 'KRIT003', 'VC2', 8),
('k032', 'K001', 'periode awal 2010', '0.32812800 1262308430', 'KRIT004', 'VC2', 8),
('K005', 'K001', 'periode awal 2010', '0.68750300 1262242911', 'KRIT001', 'VC2', 8.7),
('K005', 'K001', 'periode awal 2010', '0.68750300 1262242911', 'KRIT002', 'VC2', 7.95),
('K005', 'K001', 'periode awal 2010', '0.68750300 1262242911', 'KRIT003', 'VC2', 9.55),
('K005', 'K001', 'periode awal 2010', '0.68750300 1262242911', 'KRIT004', 'VC2', 9.25),
('K015', 'K002', 'periode awal 2010', '0.28125300 1262245836', 'KRIT001', 'VC2', 7.3),
('K015', 'K002', 'periode awal 2010', '0.28125300 1262245836', 'KRIT002', 'VC2', 7.3),
('K015', 'K002', 'periode awal 2010', '0.28125300 1262245836', 'KRIT003', 'VC2', 8.55),
('K015', 'K002', 'periode awal 2010', '0.28125300 1262245836', 'KRIT004', 'VC2', 7.25),
('K006', 'K002', 'periode awal 2010', '0.46875300 1262243062', 'KRIT001', 'VC2', 7.7),
('K006', 'K002', 'periode awal 2010', '0.46875300 1262243062', 'KRIT002', 'VC2', 7.65),
('K006', 'K002', 'periode awal 2010', '0.46875300 1262243062', 'KRIT003', 'VC2', 6.55),
('K006', 'K002', 'periode awal 2010', '0.46875300 1262243062', 'KRIT004', 'VC2', 7.5),
('K014', 'K002', 'periode awal 2010', '0.64062900 1262245235', 'KRIT001', 'VC2', 7.7),
('K014', 'K002', 'periode awal 2010', '0.64062900 1262245235', 'KRIT002', 'VC2', 7.35),
('K014', 'K002', 'periode awal 2010', '0.64062900 1262245235', 'KRIT003', 'VC2', 7.45),
('K014', 'K002', 'periode awal 2010', '0.64062900 1262245235', 'KRIT004', 'VC2', 9),
('K025', 'K002', 'periode awal 2010', '0.68750300 1262260925', 'KRIT001', 'VC2', 8.7),
('K025', 'K002', 'periode awal 2010', '0.68750300 1262260925', 'KRIT002', 'VC2', 8.05),
('K025', 'K002', 'periode awal 2010', '0.68750300 1262260925', 'KRIT003', 'VC2', 8),
('K025', 'K002', 'periode awal 2010', '0.68750300 1262260925', 'KRIT004', 'VC2', 7.5),
('K024', 'K002', 'periode awal 2010', '0.73437800 1262260761', 'KRIT001', 'VC2', 7.7),
('K024', 'K002', 'periode awal 2010', '0.73437800 1262260761', 'KRIT002', 'VC2', 7.4),
('K024', 'K002', 'periode awal 2010', '0.73437800 1262260761', 'KRIT003', 'VC2', 9),
('K024', 'K002', 'periode awal 2010', '0.73437800 1262260761', 'KRIT004', 'VC2', 10),
('K016', 'K002', 'periode awal 2010', '0.96875400 1262253836', 'KRIT001', 'VC2', 7.7),
('K016', 'K002', 'periode awal 2010', '0.96875400 1262253836', 'KRIT002', 'VC2', 6.65),
('K016', 'K002', 'periode awal 2010', '0.96875400 1262253836', 'KRIT003', 'VC2', 8),
('K016', 'K002', 'periode awal 2010', '0.96875400 1262253836', 'KRIT004', 'VC2', 7.5),
('K006', 'K005', 'periode awal 2010', '0.46875300 1262243062', 'KRIT001', 'HZ1', 7),
('K006', 'K005', 'periode awal 2010', '0.46875300 1262243062', 'KRIT002', 'HZ1', 8.65),
('K006', 'K005', 'periode awal 2010', '0.46875300 1262243062', 'KRIT003', 'HZ1', 8),
('K006', 'K005', 'periode awal 2010', '0.46875300 1262243062', 'KRIT004', 'HZ1', 8),
('K005', 'K006', 'periode awal 2010', '0.68750300 1262242911', 'KRIT001', 'HZ1', 9),
('K005', 'K006', 'periode awal 2010', '0.68750300 1262242911', 'KRIT002', 'HZ1', 8),
('K005', 'K006', 'periode awal 2010', '0.68750300 1262242911', 'KRIT003', 'HZ1', 7.45),
('K005', 'K006', 'periode awal 2010', '0.68750300 1262242911', 'KRIT004', 'HZ1', 7.75),
('K014', 'K015', 'periode awal 2010', '0.64062900 1262245235', 'KRIT001', 'HZ1', 7.3),
('K014', 'K015', 'periode awal 2010', '0.64062900 1262245235', 'KRIT002', 'HZ1', 6.3),
('K014', 'K015', 'periode awal 2010', '0.64062900 1262245235', 'KRIT003', 'HZ1', 7),
('K014', 'K015', 'periode awal 2010', '0.64062900 1262245235', 'KRIT004', 'HZ1', 7),
('K016', 'K015', 'periode awal 2010', '0.96875400 1262253836', 'KRIT001', 'HZ1', 6.6),
('K016', 'K015', 'periode awal 2010', '0.96875400 1262253836', 'KRIT002', 'HZ1', 7.4),
('K016', 'K015', 'periode awal 2010', '0.96875400 1262253836', 'KRIT003', 'HZ1', 8),
('K016', 'K015', 'periode awal 2010', '0.96875400 1262253836', 'KRIT004', 'HZ1', 9),
('K015', 'K016', 'periode awal 2010', '0.28125300 1262245836', 'KRIT001', 'HZ1', 6),
('K015', 'K016', 'periode awal 2010', '0.28125300 1262245836', 'KRIT002', 'HZ1', 8),
('K015', 'K016', 'periode awal 2010', '0.28125300 1262245836', 'KRIT003', 'HZ1', 7.9),
('K015', 'K016', 'periode awal 2010', '0.28125300 1262245836', 'KRIT004', 'HZ1', 6.5),
('K012', 'K001', 'periode awal 2010', '0.89062900 1262245284', 'KRIT001', 'VC1', 6.3),
('K012', 'K001', 'periode awal 2010', '0.89062900 1262245284', 'KRIT002', 'VC1', 8),
('K012', 'K001', 'periode awal 2010', '0.89062900 1262245284', 'KRIT003', 'VC1', 8.45),
('K012', 'K001', 'periode awal 2010', '0.89062900 1262245284', 'KRIT004', 'VC1', 8.5),
('K009', 'K002', 'periode awal 2010', '0.35937800 1262243712', 'KRIT001', 'VC2', 7.3),
('K009', 'K002', 'periode awal 2010', '0.35937800 1262243712', 'KRIT002', 'VC2', 8.35),
('K009', 'K002', 'periode awal 2010', '0.35937800 1262243712', 'KRIT003', 'VC2', 7.45),
('K009', 'K002', 'periode awal 2010', '0.35937800 1262243712', 'KRIT004', 'VC2', 8.25),
('K037', 'K002', 'periode awal 2010', '0.51562800 1262676731', 'KRIT001', 'VC2', 8),
('K037', 'K002', 'periode awal 2010', '0.51562800 1262676731', 'KRIT002', 'VC2', 8.65),
('K037', 'K002', 'periode awal 2010', '0.51562800 1262676731', 'KRIT003', 'VC2', 7.45),
('K037', 'K002', 'periode awal 2010', '0.51562800 1262676731', 'KRIT004', 'VC2', 7.75),
('K012', 'K002', 'periode awal 2010', '0.89062900 1262245284', 'KRIT001', 'VC2', 7.3),
('K012', 'K002', 'periode awal 2010', '0.89062900 1262245284', 'KRIT002', 'VC2', 8),
('K012', 'K002', 'periode awal 2010', '0.89062900 1262245284', 'KRIT003', 'VC2', 8.45),
('K012', 'K002', 'periode awal 2010', '0.89062900 1262245284', 'KRIT004', 'VC2', 8.25),
('K009', 'K007', 'periode awal 2010', '0.35937800 1262243712', 'KRIT001', 'HZ1', 8),
('K009', 'K007', 'periode awal 2010', '0.35937800 1262243712', 'KRIT002', 'HZ1', 8.35),
('K009', 'K007', 'periode awal 2010', '0.35937800 1262243712', 'KRIT003', 'HZ1', 8.55),
('K009', 'K007', 'periode awal 2010', '0.35937800 1262243712', 'KRIT004', 'HZ1', 8.25),
('K037', 'K009', 'periode awal 2010', '0.51562800 1262676731', 'KRIT001', 'HZ1', 7.3),
('K037', 'K009', 'periode awal 2010', '0.51562800 1262676731', 'KRIT002', 'HZ1', 7.65),
('K037', 'K009', 'periode awal 2010', '0.51562800 1262676731', 'KRIT003', 'HZ1', 6.55),
('K037', 'K009', 'periode awal 2010', '0.51562800 1262676731', 'KRIT004', 'HZ1', 8),
('K009', 'K001', 'periode awal 2010', '0.35937800 1262243712', 'KRIT001', 'VC1', 8),
('K009', 'K001', 'periode awal 2010', '0.35937800 1262243712', 'KRIT002', 'VC1', 7.65),
('K009', 'K001', 'periode awal 2010', '0.35937800 1262243712', 'KRIT003', 'VC1', 9),
('K009', 'K001', 'periode awal 2010', '0.35937800 1262243712', 'KRIT004', 'VC1', 8),
('K037', 'K001', 'periode awal 2010', '0.51562800 1262676731', 'KRIT001', 'VC1', 7.3),
('K037', 'K001', 'periode awal 2010', '0.51562800 1262676731', 'KRIT002', 'VC1', 8.7),
('K037', 'K001', 'periode awal 2010', '0.51562800 1262676731', 'KRIT003', 'VC1', 7.45),
('K037', 'K001', 'periode awal 2010', '0.51562800 1262676731', 'KRIT004', 'VC1', 8),
('K025', 'K024', 'periode awal 2010', '0.68750300 1262260925', 'KRIT001', 'HZ1', 7.3),
('K025', 'K024', 'periode awal 2010', '0.68750300 1262260925', 'KRIT002', 'HZ1', 7.95),
('K025', 'K024', 'periode awal 2010', '0.68750300 1262260925', 'KRIT003', 'HZ1', 7.45),
('K025', 'K024', 'periode awal 2010', '0.68750300 1262260925', 'KRIT004', 'HZ1', 8),
('K024', 'K025', 'periode awal 2010', '0.73437800 1262260761', 'KRIT001', 'HZ1', 7.7),
('K024', 'K025', 'periode awal 2010', '0.73437800 1262260761', 'KRIT002', 'HZ1', 7.35),
('K024', 'K025', 'periode awal 2010', '0.73437800 1262260761', 'KRIT003', 'HZ1', 7.55),
('K024', 'K025', 'periode awal 2010', '0.73437800 1262260761', 'KRIT004', 'HZ1', 7.25),
('k032', 'K031', 'periode awal 2010', '0.32812800 1262308430', 'KRIT001', 'HZ1', 7.3),
('k032', 'K031', 'periode awal 2010', '0.32812800 1262308430', 'KRIT002', 'HZ1', 5.7),
('k032', 'K031', 'periode awal 2010', '0.32812800 1262308430', 'KRIT003', 'HZ1', 7.55),
('k032', 'K031', 'periode awal 2010', '0.32812800 1262308430', 'KRIT004', 'HZ1', 7.5),
('K031', 'K001', 'periode awal 2010', '0.79687800 1262308131', 'KRIT001', 'VC1', 8.3),
('K031', 'K001', 'periode awal 2010', '0.79687800 1262308131', 'KRIT002', 'VC1', 7.65),
('K031', 'K001', 'periode awal 2010', '0.79687800 1262308131', 'KRIT003', 'VC1', 8.45),
('K031', 'K001', 'periode awal 2010', '0.79687800 1262308131', 'KRIT004', 'VC1', 8),
('k032', 'K002', 'periode awal 2010', '0.32812800 1262308430', 'KRIT001', 'VC2', 7.7),
('k032', 'K002', 'periode awal 2010', '0.32812800 1262308430', 'KRIT002', 'VC2', 7.35),
('k032', 'K002', 'periode awal 2010', '0.32812800 1262308430', 'KRIT003', 'VC2', 7.55),
('k032', 'K002', 'periode awal 2010', '0.32812800 1262308430', 'KRIT004', 'VC2', 7.75),
('K005', 'K002', 'periode awal 2010', '0.68750300 1262242911', 'KRIT001', 'VC2', 8.3),
('K005', 'K002', 'periode awal 2010', '0.68750300 1262242911', 'KRIT002', 'VC2', 8.65),
('K005', 'K002', 'periode awal 2010', '0.68750300 1262242911', 'KRIT003', 'VC2', 7.45),
('K005', 'K002', 'periode awal 2010', '0.68750300 1262242911', 'KRIT004', 'VC2', 8),
('K031', 'K002', 'periode awal 2010', '0.79687800 1262308131', 'KRIT001', 'VC2', 7.7),
('K031', 'K002', 'periode awal 2010', '0.79687800 1262308131', 'KRIT002', 'VC2', 8.35),
('K031', 'K002', 'periode awal 2010', '0.79687800 1262308131', 'KRIT003', 'VC2', 8.55),
('K031', 'K002', 'periode awal 2010', '0.79687800 1262308131', 'KRIT004', 'VC2', 7.75),
('K031', 'K032', 'periode awal 2010', '0.79687800 1262308131', 'KRIT001', 'HZ1', 7.7),
('K031', 'K032', 'periode awal 2010', '0.79687800 1262308131', 'KRIT002', 'HZ1', 7.65),
('K031', 'K032', 'periode awal 2010', '0.79687800 1262308131', 'KRIT003', 'HZ1', 7.55),
('K031', 'K032', 'periode awal 2010', '0.79687800 1262308131', 'KRIT004', 'HZ1', 8),
('K012', 'K008', 'periode awal 2010', '0.89062900 1262245284', 'KRIT001', 'HZ1', 8.3),
('K012', 'K008', 'periode awal 2010', '0.89062900 1262245284', 'KRIT002', 'HZ1', 8.35),
('K012', 'K008', 'periode awal 2010', '0.89062900 1262245284', 'KRIT003', 'HZ1', 8.55),
('K012', 'K008', 'periode awal 2010', '0.89062900 1262245284', 'KRIT004', 'HZ1', 8.5),
('K015', 'K001', 'periode akhir 2010', '0.28125300 1262245836', 'KRIT001', 'VC1', 7.7),
('K015', 'K001', 'periode akhir 2010', '0.28125300 1262245836', 'KRIT002', 'VC1', 7.6),
('K015', 'K001', 'periode akhir 2010', '0.28125300 1262245836', 'KRIT003', 'VC1', 8.1),
('K015', 'K001', 'periode akhir 2010', '0.28125300 1262245836', 'KRIT004', 'VC1', 7.25),
('k032', 'K001', 'periode akhir 2010', '0.32812800 1262308430', 'KRIT001', 'VC1', 8.7),
('k032', 'K001', 'periode akhir 2010', '0.32812800 1262308430', 'KRIT002', 'VC1', 7.35),
('k032', 'K001', 'periode akhir 2010', '0.32812800 1262308430', 'KRIT003', 'VC1', 7.55),
('k032', 'K001', 'periode akhir 2010', '0.32812800 1262308430', 'KRIT004', 'VC1', 7),
('K009', 'K001', 'periode akhir 2010', '0.35937800 1262243712', 'KRIT001', 'VC1', 8),
('K009', 'K001', 'periode akhir 2010', '0.35937800 1262243712', 'KRIT002', 'VC1', 8.05),
('K009', 'K001', 'periode akhir 2010', '0.35937800 1262243712', 'KRIT003', 'VC1', 7.45),
('K009', 'K001', 'periode akhir 2010', '0.35937800 1262243712', 'KRIT004', 'VC1', 8.25),
('K008', 'K001', 'periode akhir 2010', '0.43750400 1262243521', 'KRIT001', 'VC1', 7.7),
('K008', 'K001', 'periode akhir 2010', '0.43750400 1262243521', 'KRIT002', 'VC1', 7.65),
('K008', 'K001', 'periode akhir 2010', '0.43750400 1262243521', 'KRIT003', 'VC1', 7.55),
('K008', 'K001', 'periode akhir 2010', '0.43750400 1262243521', 'KRIT004', 'VC1', 7.75),
('K006', 'K001', 'periode akhir 2010', '0.46875300 1262243062', 'KRIT001', 'VC1', 8.7),
('K006', 'K001', 'periode akhir 2010', '0.46875300 1262243062', 'KRIT002', 'VC1', 10),
('K006', 'K001', 'periode akhir 2010', '0.46875300 1262243062', 'KRIT003', 'VC1', 10),
('K006', 'K001', 'periode akhir 2010', '0.46875300 1262243062', 'KRIT004', 'VC1', 10),
('K037', 'K001', 'periode akhir 2010', '0.51562800 1262676731', 'KRIT001', 'VC1', 8.7),
('K037', 'K001', 'periode akhir 2010', '0.51562800 1262676731', 'KRIT002', 'VC1', 8.35),
('K037', 'K001', 'periode akhir 2010', '0.51562800 1262676731', 'KRIT003', 'VC1', 8.55),
('K037', 'K001', 'periode akhir 2010', '0.51562800 1262676731', 'KRIT004', 'VC1', 8.5),
('K007', 'K001', 'periode akhir 2010', '0.62500300 1262243298', 'KRIT001', 'VC1', 8.7),
('K007', 'K001', 'periode akhir 2010', '0.62500300 1262243298', 'KRIT002', 'VC1', 7.65),
('K007', 'K001', 'periode akhir 2010', '0.62500300 1262243298', 'KRIT003', 'VC1', 7.9),
('K007', 'K001', 'periode akhir 2010', '0.62500300 1262243298', 'KRIT004', 'VC1', 8),
('K014', 'K001', 'periode akhir 2010', '0.64062900 1262245235', 'KRIT001', 'VC1', 7.7),
('K014', 'K001', 'periode akhir 2010', '0.64062900 1262245235', 'KRIT002', 'VC1', 7.35),
('K014', 'K001', 'periode akhir 2010', '0.64062900 1262245235', 'KRIT003', 'VC1', 7.45),
('K014', 'K001', 'periode akhir 2010', '0.64062900 1262245235', 'KRIT004', 'VC1', 7.5),
('K005', 'K001', 'periode akhir 2010', '0.68750300 1262242911', 'KRIT001', 'VC1', 9),
('K005', 'K001', 'periode akhir 2010', '0.68750300 1262242911', 'KRIT002', 'VC1', 7.65),
('K005', 'K001', 'periode akhir 2010', '0.68750300 1262242911', 'KRIT003', 'VC1', 7),
('K005', 'K001', 'periode akhir 2010', '0.68750300 1262242911', 'KRIT004', 'VC1', 7.25),
('K025', 'K001', 'periode akhir 2010', '0.68750300 1262260925', 'KRIT001', 'VC1', 4),
('K025', 'K001', 'periode akhir 2010', '0.68750300 1262260925', 'KRIT002', 'VC1', 4),
('K025', 'K001', 'periode akhir 2010', '0.68750300 1262260925', 'KRIT003', 'VC1', 4),
('K025', 'K001', 'periode akhir 2010', '0.68750300 1262260925', 'KRIT004', 'VC1', 4),
('K024', 'K001', 'periode akhir 2010', '0.73437800 1262260761', 'KRIT001', 'VC1', 6),
('K024', 'K001', 'periode akhir 2010', '0.73437800 1262260761', 'KRIT002', 'VC1', 6),
('K024', 'K001', 'periode akhir 2010', '0.73437800 1262260761', 'KRIT003', 'VC1', 7),
('K024', 'K001', 'periode akhir 2010', '0.73437800 1262260761', 'KRIT004', 'VC1', 8),
('K031', 'K001', 'periode akhir 2010', '0.79687800 1262308131', 'KRIT001', 'VC1', 8.4),
('K031', 'K001', 'periode akhir 2010', '0.79687800 1262308131', 'KRIT002', 'VC1', 7.65),
('K031', 'K001', 'periode akhir 2010', '0.79687800 1262308131', 'KRIT003', 'VC1', 8.45),
('K031', 'K001', 'periode akhir 2010', '0.79687800 1262308131', 'KRIT004', 'VC1', 8),
('K010', 'K001', 'periode akhir 2010', '0.84375400 1262244040', 'KRIT001', 'VC1', 8),
('K010', 'K001', 'periode akhir 2010', '0.84375400 1262244040', 'KRIT002', 'VC1', 8.35),
('K010', 'K001', 'periode akhir 2010', '0.84375400 1262244040', 'KRIT003', 'VC1', 7.55),
('K010', 'K001', 'periode akhir 2010', '0.84375400 1262244040', 'KRIT004', 'VC1', 8),
('K012', 'K001', 'periode akhir 2010', '0.89062900 1262245284', 'KRIT001', 'VC1', 8),
('K012', 'K001', 'periode akhir 2010', '0.89062900 1262245284', 'KRIT002', 'VC1', 6.65),
('K012', 'K001', 'periode akhir 2010', '0.89062900 1262245284', 'KRIT003', 'VC1', 6.55),
('K012', 'K001', 'periode akhir 2010', '0.89062900 1262245284', 'KRIT004', 'VC1', 7.75),
('K016', 'K001', 'periode akhir 2010', '0.96875400 1262253836', 'KRIT001', 'VC1', 7.4),
('K016', 'K001', 'periode akhir 2010', '0.96875400 1262253836', 'KRIT002', 'VC1', 7.65),
('K016', 'K001', 'periode akhir 2010', '0.96875400 1262253836', 'KRIT003', 'VC1', 8.45),
('K016', 'K001', 'periode akhir 2010', '0.96875400 1262253836', 'KRIT004', 'VC1', 7.25),
('K015', 'K002', 'periode akhir 2010', '0.28125300 1262245836', 'KRIT001', 'VC2', 8),
('K015', 'K002', 'periode akhir 2010', '0.28125300 1262245836', 'KRIT002', 'VC2', 7.35),
('K015', 'K002', 'periode akhir 2010', '0.28125300 1262245836', 'KRIT003', 'VC2', 7.45),
('K015', 'K002', 'periode akhir 2010', '0.28125300 1262245836', 'KRIT004', 'VC2', 7.5),
('k032', 'K002', 'periode akhir 2010', '0.32812800 1262308430', 'KRIT001', 'VC2', 7.4),
('k032', 'K002', 'periode akhir 2010', '0.32812800 1262308430', 'KRIT002', 'VC2', 6.65),
('k032', 'K002', 'periode akhir 2010', '0.32812800 1262308430', 'KRIT003', 'VC2', 6.45),
('k032', 'K002', 'periode akhir 2010', '0.32812800 1262308430', 'KRIT004', 'VC2', 7.25),
('K009', 'K002', 'periode akhir 2010', '0.35937800 1262243712', 'KRIT001', 'VC2', 6.3),
('K009', 'K002', 'periode akhir 2010', '0.35937800 1262243712', 'KRIT002', 'VC2', 7.65),
('K009', 'K002', 'periode akhir 2010', '0.35937800 1262243712', 'KRIT003', 'VC2', 7.45),
('K009', 'K002', 'periode akhir 2010', '0.35937800 1262243712', 'KRIT004', 'VC2', 9),
('K008', 'K002', 'periode akhir 2010', '0.43750400 1262243521', 'KRIT001', 'VC2', 8.7),
('K008', 'K002', 'periode akhir 2010', '0.43750400 1262243521', 'KRIT002', 'VC2', 7.35),
('K008', 'K002', 'periode akhir 2010', '0.43750400 1262243521', 'KRIT003', 'VC2', 7.55),
('K008', 'K002', 'periode akhir 2010', '0.43750400 1262243521', 'KRIT004', 'VC2', 6.5),
('K006', 'K002', 'periode akhir 2010', '0.46875300 1262243062', 'KRIT001', 'VC2', 7),
('K006', 'K002', 'periode akhir 2010', '0.46875300 1262243062', 'KRIT002', 'VC2', 6.35),
('K006', 'K002', 'periode akhir 2010', '0.46875300 1262243062', 'KRIT003', 'VC2', 6.55),
('K006', 'K002', 'periode akhir 2010', '0.46875300 1262243062', 'KRIT004', 'VC2', 5.5),
('K037', 'K002', 'periode akhir 2010', '0.51562800 1262676731', 'KRIT001', 'VC2', 7.7),
('K037', 'K002', 'periode akhir 2010', '0.51562800 1262676731', 'KRIT002', 'VC2', 7.65),
('K037', 'K002', 'periode akhir 2010', '0.51562800 1262676731', 'KRIT003', 'VC2', 8.45),
('K037', 'K002', 'periode akhir 2010', '0.51562800 1262676731', 'KRIT004', 'VC2', 7.75),
('K007', 'K002', 'periode akhir 2010', '0.62500300 1262243298', 'KRIT001', 'VC2', 7.7),
('K007', 'K002', 'periode akhir 2010', '0.62500300 1262243298', 'KRIT002', 'VC2', 8),
('K007', 'K002', 'periode akhir 2010', '0.62500300 1262243298', 'KRIT003', 'VC2', 8.55),
('K007', 'K002', 'periode akhir 2010', '0.62500300 1262243298', 'KRIT004', 'VC2', 8.5),
('K014', 'K002', 'periode akhir 2010', '0.64062900 1262245235', 'KRIT001', 'VC2', 8.3),
('K014', 'K002', 'periode akhir 2010', '0.64062900 1262245235', 'KRIT002', 'VC2', 8.65),
('K014', 'K002', 'periode akhir 2010', '0.64062900 1262245235', 'KRIT003', 'VC2', 8.45),
('K014', 'K002', 'periode akhir 2010', '0.64062900 1262245235', 'KRIT004', 'VC2', 6.5),
('K005', 'K002', 'periode akhir 2010', '0.68750300 1262242911', 'KRIT001', 'VC2', 9),
('K005', 'K002', 'periode akhir 2010', '0.68750300 1262242911', 'KRIT002', 'VC2', 8.3),
('K005', 'K002', 'periode akhir 2010', '0.68750300 1262242911', 'KRIT003', 'VC2', 8.45),
('K005', 'K002', 'periode akhir 2010', '0.68750300 1262242911', 'KRIT004', 'VC2', 8.25),
('K025', 'K002', 'periode akhir 2010', '0.68750300 1262260925', 'KRIT001', 'VC2', 8.3),
('K025', 'K002', 'periode akhir 2010', '0.68750300 1262260925', 'KRIT002', 'VC2', 8.35),
('K025', 'K002', 'periode akhir 2010', '0.68750300 1262260925', 'KRIT003', 'VC2', 8.45),
('K025', 'K002', 'periode akhir 2010', '0.68750300 1262260925', 'KRIT004', 'VC2', 7.75),
('K024', 'K002', 'periode akhir 2010', '0.73437800 1262260761', 'KRIT001', 'VC2', 7.7),
('K024', 'K002', 'periode akhir 2010', '0.73437800 1262260761', 'KRIT002', 'VC2', 8.65),
('K024', 'K002', 'periode akhir 2010', '0.73437800 1262260761', 'KRIT003', 'VC2', 9),
('K024', 'K002', 'periode akhir 2010', '0.73437800 1262260761', 'KRIT004', 'VC2', 8.5),
('K031', 'K002', 'periode akhir 2010', '0.79687800 1262308131', 'KRIT001', 'VC2', 8.3),
('K031', 'K002', 'periode akhir 2010', '0.79687800 1262308131', 'KRIT002', 'VC2', 8.65),
('K031', 'K002', 'periode akhir 2010', '0.79687800 1262308131', 'KRIT003', 'VC2', 8.45),
('K031', 'K002', 'periode akhir 2010', '0.79687800 1262308131', 'KRIT004', 'VC2', 8.75),
('K010', 'K002', 'periode akhir 2010', '0.84375400 1262244040', 'KRIT001', 'VC2', 7.7),
('K010', 'K002', 'periode akhir 2010', '0.84375400 1262244040', 'KRIT002', 'VC2', 8),
('K010', 'K002', 'periode akhir 2010', '0.84375400 1262244040', 'KRIT003', 'VC2', 8.55),
('K010', 'K002', 'periode akhir 2010', '0.84375400 1262244040', 'KRIT004', 'VC2', 7.5),
('K012', 'K002', 'periode akhir 2010', '0.89062900 1262245284', 'KRIT001', 'VC2', 8.3),
('K012', 'K002', 'periode akhir 2010', '0.89062900 1262245284', 'KRIT002', 'VC2', 8.35),
('K012', 'K002', 'periode akhir 2010', '0.89062900 1262245284', 'KRIT003', 'VC2', 8.55),
('K012', 'K002', 'periode akhir 2010', '0.89062900 1262245284', 'KRIT004', 'VC2', 7.75),
('K016', 'K002', 'periode akhir 2010', '0.96875400 1262253836', 'KRIT001', 'VC2', 8),
('K016', 'K002', 'periode akhir 2010', '0.96875400 1262253836', 'KRIT002', 'VC2', 8.05),
('K016', 'K002', 'periode akhir 2010', '0.96875400 1262253836', 'KRIT003', 'VC2', 8.45),
('K016', 'K002', 'periode akhir 2010', '0.96875400 1262253836', 'KRIT004', 'VC2', 8.25),
('K006', 'K005', 'periode akhir 2010', '0.46875300 1262243062', 'KRIT001', 'HZ1', 6.3),
('K006', 'K005', 'periode akhir 2010', '0.46875300 1262243062', 'KRIT002', 'HZ1', 8.35),
('K006', 'K005', 'periode akhir 2010', '0.46875300 1262243062', 'KRIT003', 'HZ1', 7.55),
('K006', 'K005', 'periode akhir 2010', '0.46875300 1262243062', 'KRIT004', 'HZ1', 7.75),
('K006', 'K005', 'periode akhir 2010', '0.46875300 1262243062', 'KRIT001', 'HZ2', 7.7),
('K006', 'K005', 'periode akhir 2010', '0.46875300 1262243062', 'KRIT002', 'HZ2', 7.65),
('K006', 'K005', 'periode akhir 2010', '0.46875300 1262243062', 'KRIT003', 'HZ2', 7.9),
('K006', 'K005', 'periode akhir 2010', '0.46875300 1262243062', 'KRIT004', 'HZ2', 7.75),
('K005', 'K006', 'periode akhir 2010', '0.68750300 1262242911', 'KRIT001', 'HZ1', 6.7),
('K005', 'K006', 'periode akhir 2010', '0.68750300 1262242911', 'KRIT002', 'HZ1', 6.95),
('K005', 'K006', 'periode akhir 2010', '0.68750300 1262242911', 'KRIT003', 'HZ1', 7.55),
('K005', 'K006', 'periode akhir 2010', '0.68750300 1262242911', 'KRIT004', 'HZ1', 7.5),
('K005', 'K006', 'periode akhir 2010', '0.68750300 1262242911', 'KRIT001', 'HZ2', 7.7),
('K005', 'K006', 'periode akhir 2010', '0.68750300 1262242911', 'KRIT002', 'HZ2', 6.95),
('K005', 'K006', 'periode akhir 2010', '0.68750300 1262242911', 'KRIT003', 'HZ2', 6.55),
('K005', 'K006', 'periode akhir 2010', '0.68750300 1262242911', 'KRIT004', 'HZ2', 7.25),
('K015', 'K007', 'periode akhir 2010', '0.28125300 1262245836', 'KRIT001', 'HZ1', 7.7),
('K015', 'K007', 'periode akhir 2010', '0.28125300 1262245836', 'KRIT002', 'HZ1', 7.65),
('K015', 'K007', 'periode akhir 2010', '0.28125300 1262245836', 'KRIT003', 'HZ1', 7.55),
('K015', 'K007', 'periode akhir 2010', '0.28125300 1262245836', 'KRIT004', 'HZ1', 7.5),
('K009', 'K007', 'periode akhir 2010', '0.35937800 1262243712', 'KRIT001', 'HZ1', 7.4),
('K009', 'K007', 'periode akhir 2010', '0.35937800 1262243712', 'KRIT002', 'HZ1', 7.65),
('K009', 'K007', 'periode akhir 2010', '0.35937800 1262243712', 'KRIT003', 'HZ1', 7.45),
('K009', 'K007', 'periode akhir 2010', '0.35937800 1262243712', 'KRIT004', 'HZ1', 7),
('K008', 'K007', 'periode akhir 2010', '0.43750400 1262243521', 'KRIT001', 'HZ1', 7.7),
('K008', 'K007', 'periode akhir 2010', '0.43750400 1262243521', 'KRIT002', 'HZ1', 8.35),
('K008', 'K007', 'periode akhir 2010', '0.43750400 1262243521', 'KRIT003', 'HZ1', 7.45),
('K008', 'K007', 'periode akhir 2010', '0.43750400 1262243521', 'KRIT004', 'HZ1', 8),
('K037', 'K007', 'periode akhir 2010', '0.51562800 1262676731', 'KRIT001', 'HZ1', 8.7),
('K037', 'K007', 'periode akhir 2010', '0.51562800 1262676731', 'KRIT002', 'HZ1', 7.65),
('K037', 'K007', 'periode akhir 2010', '0.51562800 1262676731', 'KRIT003', 'HZ1', 8.45),
('K037', 'K007', 'periode akhir 2010', '0.51562800 1262676731', 'KRIT004', 'HZ1', 8.5),
('K014', 'K007', 'periode akhir 2010', '0.64062900 1262245235', 'KRIT001', 'HZ1', 8.7),
('K014', 'K007', 'periode akhir 2010', '0.64062900 1262245235', 'KRIT002', 'HZ1', 8.35),
('K014', 'K007', 'periode akhir 2010', '0.64062900 1262245235', 'KRIT003', 'HZ1', 8.55),
('K014', 'K007', 'periode akhir 2010', '0.64062900 1262245235', 'KRIT004', 'HZ1', 8.5),
('K010', 'K007', 'periode akhir 2010', '0.84375400 1262244040', 'KRIT001', 'HZ1', 6.3),
('K010', 'K007', 'periode akhir 2010', '0.84375400 1262244040', 'KRIT002', 'HZ1', 7.35),
('K010', 'K007', 'periode akhir 2010', '0.84375400 1262244040', 'KRIT003', 'HZ1', 8.1),
('K010', 'K007', 'periode akhir 2010', '0.84375400 1262244040', 'KRIT004', 'HZ1', 7.75),
('K012', 'K007', 'periode akhir 2010', '0.89062900 1262245284', 'KRIT001', 'HZ1', 8),
('K012', 'K007', 'periode akhir 2010', '0.89062900 1262245284', 'KRIT002', 'HZ1', 7.95),
('K012', 'K007', 'periode akhir 2010', '0.89062900 1262245284', 'KRIT003', 'HZ1', 8.1),
('K012', 'K007', 'periode akhir 2010', '0.89062900 1262245284', 'KRIT004', 'HZ1', 8.25),
('K016', 'K007', 'periode akhir 2010', '0.96875400 1262253836', 'KRIT001', 'HZ1', 8.7),
('K016', 'K007', 'periode akhir 2010', '0.96875400 1262253836', 'KRIT002', 'HZ1', 8.7),
('K016', 'K007', 'periode akhir 2010', '0.96875400 1262253836', 'KRIT003', 'HZ1', 4.05),
('K016', 'K007', 'periode akhir 2010', '0.96875400 1262253836', 'KRIT004', 'HZ1', 8.75),
('K007', 'K008', 'periode akhir 2010', '0.62500300 1262243298', 'KRIT001', 'HZ1', 7.7),
('K007', 'K008', 'periode akhir 2010', '0.62500300 1262243298', 'KRIT002', 'HZ1', 7.05),
('K007', 'K008', 'periode akhir 2010', '0.62500300 1262243298', 'KRIT003', 'HZ1', 7.55),
('K007', 'K008', 'periode akhir 2010', '0.62500300 1262243298', 'KRIT004', 'HZ1', 7.75),
('K015', 'K008', 'periode akhir 2010', '0.28125300 1262245836', 'KRIT001', 'HZ2', 7.7),
('K015', 'K008', 'periode akhir 2010', '0.28125300 1262245836', 'KRIT002', 'HZ2', 1),
('K015', 'K008', 'periode akhir 2010', '0.28125300 1262245836', 'KRIT003', 'HZ2', 7.55),
('K015', 'K008', 'periode akhir 2010', '0.28125300 1262245836', 'KRIT004', 'HZ2', 8),
('K009', 'K008', 'periode akhir 2010', '0.35937800 1262243712', 'KRIT001', 'HZ2', 7.7),
('K009', 'K008', 'periode akhir 2010', '0.35937800 1262243712', 'KRIT002', 'HZ2', 7.35),
('K009', 'K008', 'periode akhir 2010', '0.35937800 1262243712', 'KRIT003', 'HZ2', 6.9),
('K009', 'K008', 'periode akhir 2010', '0.35937800 1262243712', 'KRIT004', 'HZ2', 5.5),
('K037', 'K008', 'periode akhir 2010', '0.51562800 1262676731', 'KRIT001', 'HZ2', 7.7),
('K037', 'K008', 'periode akhir 2010', '0.51562800 1262676731', 'KRIT002', 'HZ2', 7.65),
('K037', 'K008', 'periode akhir 2010', '0.51562800 1262676731', 'KRIT003', 'HZ2', 7.45),
('K037', 'K008', 'periode akhir 2010', '0.51562800 1262676731', 'KRIT004', 'HZ2', 8),
('K014', 'K008', 'periode akhir 2010', '0.64062900 1262245235', 'KRIT001', 'HZ2', 8.4),
('K014', 'K008', 'periode akhir 2010', '0.64062900 1262245235', 'KRIT002', 'HZ2', 8),
('K014', 'K008', 'periode akhir 2010', '0.64062900 1262245235', 'KRIT003', 'HZ2', 8.55),
('K014', 'K008', 'periode akhir 2010', '0.64062900 1262245235', 'KRIT004', 'HZ2', 8),
('K010', 'K008', 'periode akhir 2010', '0.84375400 1262244040', 'KRIT001', 'HZ2', 7.7),
('K010', 'K008', 'periode akhir 2010', '0.84375400 1262244040', 'KRIT002', 'HZ2', 8.35),
('K010', 'K008', 'periode akhir 2010', '0.84375400 1262244040', 'KRIT003', 'HZ2', 8),
('K010', 'K008', 'periode akhir 2010', '0.84375400 1262244040', 'KRIT004', 'HZ2', 9),
('K012', 'K008', 'periode akhir 2010', '0.89062900 1262245284', 'KRIT001', 'HZ2', 8.3),
('K012', 'K008', 'periode akhir 2010', '0.89062900 1262245284', 'KRIT002', 'HZ2', 8.05),
('K012', 'K008', 'periode akhir 2010', '0.89062900 1262245284', 'KRIT003', 'HZ2', 8.45),
('K012', 'K008', 'periode akhir 2010', '0.89062900 1262245284', 'KRIT004', 'HZ2', 8.5),
('K016', 'K008', 'periode akhir 2010', '0.96875400 1262253836', 'KRIT001', 'HZ2', 8.4),
('K016', 'K008', 'periode akhir 2010', '0.96875400 1262253836', 'KRIT002', 'HZ2', 7),
('K016', 'K008', 'periode akhir 2010', '0.96875400 1262253836', 'KRIT003', 'HZ2', 7.55),
('K016', 'K008', 'periode akhir 2010', '0.96875400 1262253836', 'KRIT004', 'HZ2', 7),
('K008', 'K010', 'periode akhir 2010', '0.43750400 1262243521', 'KRIT001', 'HZ2', 7.7),
('K008', 'K010', 'periode akhir 2010', '0.43750400 1262243521', 'KRIT002', 'HZ2', 7.65),
('K008', 'K010', 'periode akhir 2010', '0.43750400 1262243521', 'KRIT003', 'HZ2', 7.55),
('K008', 'K010', 'periode akhir 2010', '0.43750400 1262243521', 'KRIT004', 'HZ2', 7.5),
('K007', 'K010', 'periode akhir 2010', '0.62500300 1262243298', 'KRIT001', 'HZ2', 5.3),
('K007', 'K010', 'periode akhir 2010', '0.62500300 1262243298', 'KRIT002', 'HZ2', 7.65),
('K007', 'K010', 'periode akhir 2010', '0.62500300 1262243298', 'KRIT003', 'HZ2', 8.55),
('K007', 'K010', 'periode akhir 2010', '0.62500300 1262243298', 'KRIT004', 'HZ2', 7.5),
('k032', 'K031', 'periode akhir 2010', '0.32812800 1262308430', 'KRIT001', 'HZ1', 4.3),
('k032', 'K031', 'periode akhir 2010', '0.32812800 1262308430', 'KRIT002', 'HZ1', 6.35),
('k032', 'K031', 'periode akhir 2010', '0.32812800 1262308430', 'KRIT003', 'HZ1', 6.55),
('k032', 'K031', 'periode akhir 2010', '0.32812800 1262308430', 'KRIT004', 'HZ1', 6.75),
('k032', 'K031', 'periode akhir 2010', '0.32812800 1262308430', 'KRIT001', 'HZ2', 7.3),
('k032', 'K031', 'periode akhir 2010', '0.32812800 1262308430', 'KRIT002', 'HZ2', 7.65),
('k032', 'K031', 'periode akhir 2010', '0.32812800 1262308430', 'KRIT003', 'HZ2', 7.55),
('k032', 'K031', 'periode akhir 2010', '0.32812800 1262308430', 'KRIT004', 'HZ2', 7.75),
('K031', 'K032', 'periode akhir 2010', '0.79687800 1262308131', 'KRIT001', 'HZ1', 4.7),
('K031', 'K032', 'periode akhir 2010', '0.79687800 1262308131', 'KRIT002', 'HZ1', 7.05),
('K031', 'K032', 'periode akhir 2010', '0.79687800 1262308131', 'KRIT003', 'HZ1', 7.45),
('K031', 'K032', 'periode akhir 2010', '0.79687800 1262308131', 'KRIT004', 'HZ1', 7),
('K025', 'K024', 'periode akhir 2010', '0.68750300 1262260925', 'KRIT001', 'HZ1', 5.3),
('K025', 'K024', 'periode akhir 2010', '0.68750300 1262260925', 'KRIT002', 'HZ1', 6.65),
('K025', 'K024', 'periode akhir 2010', '0.68750300 1262260925', 'KRIT003', 'HZ1', 7.45),
('K025', 'K024', 'periode akhir 2010', '0.68750300 1262260925', 'KRIT004', 'HZ1', 7.5);

-- --------------------------------------------------------

--
-- Table structure for table `nilai_per_penilai`
--

CREATE TABLE IF NOT EXISTS `nilai_per_penilai` (
  `KODE_KARYAWAN` varchar(10) NOT NULL,
  `PENILAI` varchar(10) NOT NULL,
  `ID_PERIODE` varchar(100) NOT NULL,
  `ID_DEP_DIV_JAB` varchar(25) NOT NULL,
  `ID_NILAI_PER_PENILAI` varchar(25) NOT NULL,
  `ID_LEVEL` varchar(10) NOT NULL,
  `NILAI` double DEFAULT NULL,
  PRIMARY KEY (`KODE_KARYAWAN`,`PENILAI`,`ID_PERIODE`,`ID_DEP_DIV_JAB`,`ID_NILAI_PER_PENILAI`,`ID_LEVEL`)
) ENGINE=MyISAM DEFAULT CHARSET=latin1;

--
-- Dumping data for table `nilai_per_penilai`
--

INSERT INTO `nilai_per_penilai` (`KODE_KARYAWAN`, `PENILAI`, `ID_PERIODE`, `ID_DEP_DIV_JAB`, `ID_NILAI_PER_PENILAI`, `ID_LEVEL`, `NILAI`) VALUES
('k005', 'k001', 'PERIODE AW', '0.68750300 1262242911', '0.85938000 1262571038', 'VC1', 2.02),
('k005', 'K002', 'PERIODE AW', '0.68750300 1262242911', '0.73437800 1262571049', 'VC2', 0),
('k005', 'K006', 'PERIODE AW', '0.68750300 1262242911', '0.56250400 1262571018', 'HZ1', 0),
('k005', 'K006', 'PERIODE AW', '0.68750300 1262242911', '0.26562900 1262571026', 'HZ2', 0),
('K007', 'K008', 'periode awal 2010', '0.62500300 1262243298', '0.56250500 1262582116', 'HZ1', 7),
('K007', 'K001', 'periode awal 2010', '0.62500300 1262243298', '0.39062900 1262582180', 'VC1', 9),
('K007', 'K002', 'periode awal 2010', '0.62500300 1262243298', '0.68750400 1262582224', 'VC2', 8.95),
('K008', 'K001', 'periode awal 2010', '0.43750400 1262243521', '0.87500400 1262582252', 'VC1', 2.94),
('K008', 'K002', 'periode awal 2010', '0.43750400 1262243521', '0.81250400 1262582261', 'VC2', 9),
('K008', 'K010', 'periode awal 2010', '0.43750400 1262243521', '0.04688000 1262582271', 'HZ1', 10),
('K010', 'K012', 'periode awal 2010', '0.84375400 1262244040', '0.09375400 1262582305', 'HZ1', 7.8),
('K010', 'K001', 'periode awal 2010', '0.84375400 1262244040', '0.71875400 1262582313', 'VC1', 7.81),
('K010', 'K002', 'periode awal 2010', '0.84375400 1262244040', '0.48437900 1262582321', 'VC2', 1),
('K005', 'K006', 'periode awal 2010', '0.68750300 1262242911', '0.93750400 1262674725', 'HZ1', 7.99),
('K005', 'K001', 'periode awal 2010', '0.68750300 1262242911', '0.07812900 1262674754', 'VC1', 7.24),
('K006', 'K005', 'periode awal 2010', '0.46875300 1262243062', '0.03125400 1262674785', 'HZ1', 7.93),
('K006', 'K001', 'periode awal 2010', '0.46875300 1262243062', '0.10937900 1262674795', 'VC1', 7.81),
('K006', 'K002', 'periode awal 2010', '0.46875300 1262243062', '0.00000400 1262674806', 'VC2', 7.38),
('K014', 'K015', 'periode awal 2010', '0.64062900 1262245235', '0.37500400 1262674876', 'HZ1', 6.92),
('K014', 'K001', 'periode awal 2010', '0.64062900 1262245235', '0.57812900 1262674887', 'VC1', 7.59),
('K014', 'K002', 'periode awal 2010', '0.64062900 1262245235', '0.15625500 1262674899', 'VC2', 8.1),
('K025', 'K024', 'periode awal 2010', '0.68750300 1262260925', '0.53125400 1262674977', 'HZ1', 7.74),
('K025', 'K001', 'periode awal 2010', '0.68750300 1262260925', '0.45312900 1262674993', 'VC1', 7.28),
('K025', 'K002', 'periode awal 2010', '0.68750300 1262260925', '0.78125400 1262675002', 'VC2', 7.95),
('k032', 'K031', 'periode awal 2010', '0.32812800 1262308430', '0.45312900 1262675027', 'HZ1', 7.11),
('k032', 'K001', 'periode awal 2010', '0.32812800 1262308430', '0.17187900 1262675040', 'VC1', 8.74),
('K015', 'K016', 'periode awal 2010', '0.28125300 1262245836', '0.18750500 1262675182', 'HZ1', 6.98),
('K015', 'K001', 'periode awal 2010', '0.28125300 1262245836', '0.15625400 1262675193', 'VC1', 7.5),
('K015', 'K002', 'periode awal 2010', '0.28125300 1262245836', '0.60937900 1262675201', 'VC2', 7.53),
('K016', 'K015', 'periode awal 2010', '0.96875400 1262253836', '0.96875500 1262675255', 'HZ1', 8),
('K016', 'K001', 'periode awal 2010', '0.96875400 1262253836', '0.39062900 1262675267', 'VC1', 8.43),
('K016', 'K002', 'periode awal 2010', '0.96875400 1262253836', '0.35938000 1262675275', 'VC2', 7.47),
('K024', 'K001', 'periode awal 2010', '0.73437800 1262260761', '0.07812900 1262675332', 'VC1', 8.8),
('K024', 'K002', 'periode awal 2010', '0.73437800 1262260761', '0.07812900 1262675340', 'VC2', 8.82),
('K024', 'K025', 'periode awal 2010', '0.73437800 1262260761', '0.98437900 1262675352', 'HZ1', 7.42),
('k032', 'K002', 'periode awal 2010', '0.32812800 1262308430', '0.04687900 1262679397', 'VC2', 7.62),
('K005', 'K002', 'periode awal 2010', '0.68750300 1262242911', '0.53125300 1262679729', 'VC2', 8.08),
('K009', 'K007', 'periode awal 2010', '0.35937800 1262243712', '0.45313000 1262676386', 'HZ1', 8.28),
('K009', 'K001', 'periode awal 2010', '0.35937800 1262243712', '0.07812900 1262676402', 'VC1', 8.13),
('K009', 'K002', 'periode awal 2010', '0.35937800 1262243712', '0.87500400 1262676409', 'VC2', 7.92),
('K012', 'K008', 'periode awal 2010', '0.89062900 1262245284', '0.89062900 1262676460', 'HZ1', 8.44),
('K012', 'K001', 'periode awal 2010', '0.89062900 1262245284', '0.10937900 1262676472', 'VC1', 7.95),
('K012', 'K002', 'periode awal 2010', '0.89062900 1262245284', '0.57813000 1262676483', 'VC2', 8.05),
('K037', 'K009', 'periode awal 2010', '0.51562800 1262676731', '0.92187900 1262676763', 'HZ1', 7.5),
('K037', 'K001', 'periode awal 2010', '0.51562800 1262676731', '0.87500400 1262676773', 'VC1', 7.89),
('K037', 'K002', 'periode awal 2010', '0.51562800 1262676731', '0.82812900 1262676783', 'VC2', 7.92),
('K031', 'k032', 'periode awal 2010', '0.79687800 1262308131', '0.26562900 1262679645', 'HZ1', 7.78),
('K031', 'K001', 'periode awal 2010', '0.79687800 1262308131', '0.75000400 1262679655', 'VC1', 8.08),
('K031', 'K002', 'periode awal 2010', '0.79687800 1262308131', '0.93750500 1262679664', 'VC2', 8.02),
('K005', 'K006', 'periode akhir 2010', '0.68750300 1262242911', '0.87500400 1262680221', 'HZ1', 7.24),
('K005', 'K006', 'periode akhir 2010', '0.68750300 1262242911', '0.64062800 1262680254', 'HZ2', 7.14),
('K005', 'K001', 'periode akhir 2010', '0.68750300 1262242911', '0.28125400 1262680302', 'VC1', 7.63),
('K005', 'K002', 'periode akhir 2010', '0.68750300 1262242911', '0.50000500 1262680311', 'VC2', 8.45),
('K006', 'K001', 'periode akhir 2010', '0.46875300 1262243062', '0.32812900 1262680345', 'VC1', 9.74),
('K006', 'K002', 'periode akhir 2010', '0.46875300 1262243062', '0.64062900 1262680354', 'VC2', 6.18),
('K006', 'K005', 'periode akhir 2010', '0.46875300 1262243062', '0.85937900 1262680361', 'HZ1', 7.54),
('K006', 'K005', 'periode akhir 2010', '0.46875300 1262243062', '0.12500400 1262680368', 'HZ2', 7.75),
('K007', 'K008', 'periode akhir 2010', '0.62500300 1262243298', '0.07812900 1262680388', 'HZ1', 7.56),
('K007', 'K010', 'periode akhir 2010', '0.62500300 1262243298', '0.04687900 1262680397', 'HZ2', 7.3),
('K007', 'K001', 'periode akhir 2010', '0.62500300 1262243298', '0.56250400 1262680424', 'VC1', 8.05),
('K007', 'K002', 'periode akhir 2010', '0.62500300 1262243298', '0.53125400 1262680433', 'VC2', 8.25),
('K008', 'K001', 'periode akhir 2010', '0.43750400 1262243521', '0.43750400 1262680474', 'VC1', 7.68),
('K008', 'K002', 'periode akhir 2010', '0.43750400 1262243521', '0.00000300 1262680485', 'VC2', 7.32),
('K008', 'K007', 'periode akhir 2010', '0.43750400 1262243521', '0.14063000 1262680493', 'HZ1', 7.9),
('K008', 'K010', 'periode akhir 2010', '0.43750400 1262243521', '0.14062900 1262680501', 'HZ2', 7.58),
('K010', 'K007', 'periode akhir 2010', '0.84375400 1262244040', '0.75000300 1262680517', 'HZ1', 7.45),
('K010', 'K008', 'periode akhir 2010', '0.84375400 1262244040', '0.87500500 1262680528', 'HZ2', 8.41),
('K010', 'K001', 'periode akhir 2010', '0.84375400 1262244040', '0.45312900 1262680557', 'VC1', 7.98),
('K010', 'K002', 'periode akhir 2010', '0.84375400 1262244040', '0.40625500 1262680568', 'VC2', 7.85),
('K009', 'K007', 'periode akhir 2010', '0.35937800 1262243712', '0.93750500 1262680607', 'HZ1', 7.3),
('K009', 'K008', 'periode akhir 2010', '0.35937800 1262243712', '0.90625400 1262680614', 'HZ2', 6.59),
('K009', 'K001', 'periode akhir 2010', '0.35937800 1262243712', '0.09375500 1262680627', 'VC1', 8),
('K009', 'K002', 'periode akhir 2010', '0.35937800 1262243712', '0.76562900 1262680633', 'VC2', 7.88),
('K012', 'K007', 'periode akhir 2010', '0.89062900 1262245284', '0.28125500 1262680676', 'HZ1', 8.11),
('K012', 'K008', 'periode akhir 2010', '0.89062900 1262245284', '0.57812900 1262680683', 'HZ2', 8.36),
('K012', 'K001', 'periode akhir 2010', '0.89062900 1262245284', '0.62500500 1262680692', 'VC1', 7.34),
('K012', 'K002', 'periode akhir 2010', '0.89062900 1262245284', '0.01563000 1262680699', 'VC2', 8.14),
('K037', 'K007', 'periode akhir 2010', '0.51562800 1262676731', '0.17187900 1262680738', 'HZ1', 8.36),
('K037', 'K008', 'periode akhir 2010', '0.51562800 1262676731', '0.10938000 1262680747', 'HZ2', 7.76),
('K037', 'K001', 'periode akhir 2010', '0.51562800 1262676731', '0.40625600 1262680757', 'VC1', 8.52),
('K037', 'K002', 'periode akhir 2010', '0.51562800 1262676731', '0.51562900 1262680764', 'VC2', 7.86),
('K014', 'K001', 'periode akhir 2010', '0.64062900 1262245235', '0.45313100 1262680813', 'VC1', 7.5),
('K014', 'K002', 'periode akhir 2010', '0.64062900 1262245235', '0.82812900 1262680821', 'VC2', 7.68),
('K014', 'K007', 'periode akhir 2010', '0.64062900 1262245235', '0.89062900 1262680839', 'HZ1', 8.52),
('K014', 'K008', 'periode akhir 2010', '0.64062900 1262245235', '0.00000400 1262680848', 'HZ2', 8.19),
('K015', 'K007', 'periode akhir 2010', '0.28125300 1262245836', '0.57812900 1262680868', 'HZ1', 7.58),
('K015', 'K008', 'periode akhir 2010', '0.28125300 1262245836', '0.82812900 1262680878', 'HZ2', 6.45),
('K015', 'K001', 'periode akhir 2010', '0.28125300 1262245836', '0.81250400 1262680887', 'VC1', 7.58),
('K015', 'K002', 'periode akhir 2010', '0.28125300 1262245836', '0.82812900 1262680895', 'VC2', 7.56),
('K016', 'K001', 'periode akhir 2010', '0.96875400 1262253836', '0.48437900 1262680914', 'VC1', 7.6),
('K016', 'K002', 'periode akhir 2010', '0.96875400 1262253836', '0.00000400 1262680921', 'VC2', 8.2),
('K016', 'K007', 'periode akhir 2010', '0.96875400 1262253836', '0.18750600 1262680930', 'HZ1', 7.79),
('K016', 'K008', 'periode akhir 2010', '0.96875400 1262253836', '0.14063000 1262680983', 'HZ2', 7.39),
('K024', 'K001', 'periode akhir 2010', '0.73437800 1262260761', '0.26562900 1262681036', 'VC1', 7),
('K024', 'K002', 'periode akhir 2010', '0.73437800 1262260761', '0.37500400 1262681043', 'VC2', 8.47),
('K024', 'K025', 'periode akhir 2010', '0.73437800 1262260761', '0.79687900 1262681055', 'HZ1', 0),
('K024', 'K025', 'periode akhir 2010', '0.73437800 1262260761', '0.70313000 1262681065', 'HZ2', 0),
('K031', 'K001', 'periode akhir 2010', '0.79687800 1262308131', '0.54687900 1262681114', 'VC1', 8.1),
('K031', 'K002', 'periode akhir 2010', '0.79687800 1262308131', '0.62501600 1262681121', 'VC2', 8.58),
('K031', 'k032', 'periode akhir 2010', '0.79687800 1262308131', '0.29687900 1262681133', 'HZ1', 6.64),
('K031', 'k032', 'periode akhir 2010', '0.79687800 1262308131', '0.31250300 1262681139', 'HZ2', 0),
('K025', 'K024', 'periode akhir 2010', '0.68750300 1262260925', '0.84375400 1262681164', 'HZ1', 6.88),
('K025', 'K024', 'periode akhir 2010', '0.68750300 1262260925', '0.17187900 1262681171', 'HZ2', 0),
('K025', 'K001', 'periode akhir 2010', '0.68750300 1262260925', '0.82812900 1262681179', 'VC1', 4),
('K025', 'K002', 'periode akhir 2010', '0.68750300 1262260925', '0.50000400 1262681185', 'VC2', 8.12),
('k032', 'K001', 'periode akhir 2010', '0.32812800 1262308430', '0.82812900 1262681206', 'VC1', 7.52),
('k032', 'K002', 'periode akhir 2010', '0.32812800 1262308430', '0.51562900 1262681214', 'VC2', 7),
('k032', 'K031', 'periode akhir 2010', '0.32812800 1262308430', '0.10938000 1262681228', 'HZ1', 6.14),
('k032', 'K031', 'periode akhir 2010', '0.32812800 1262308430', '0.34375400 1262681238', 'HZ2', 7.6);

-- --------------------------------------------------------

--
-- Table structure for table `penilai`
--

CREATE TABLE IF NOT EXISTS `penilai` (
  `KODE_KARYAWAN` varchar(10) NOT NULL,
  `ID_PERIODE` varchar(100) NOT NULL,
  `ID_DEP_DIV_JAB` varchar(25) NOT NULL,
  `ID_LEVEL` varchar(10) NOT NULL,
  `STATUS_PENILAIAN` varchar(10) NOT NULL COMMENT 'vertical atau horizontal',
  PRIMARY KEY (`KODE_KARYAWAN`,`ID_PERIODE`,`ID_DEP_DIV_JAB`,`ID_LEVEL`),
  KEY `RELATION_204_FK2` (`KODE_KARYAWAN`)
) ENGINE=MyISAM DEFAULT CHARSET=latin1;

--
-- Dumping data for table `penilai`
--

INSERT INTO `penilai` (`KODE_KARYAWAN`, `ID_PERIODE`, `ID_DEP_DIV_JAB`, `ID_LEVEL`, `STATUS_PENILAIAN`) VALUES
('K004', 'periode awal 2010', '0.48437800 1262242570', 'VC1', 'VC'),
('K008', 'periode awal 2010', '0.43750400 1262243521', 'HZ1', 'HZ'),
('K006', 'periode awal 2010', '0.46875300 1262243062', 'HZ1', 'HZ'),
('K001', 'periode awal 2010', '0.20312900 1262241638', 'VC1', 'VC'),
('K002', 'periode awal 2010', '0.50000300 1262241962', 'VC2', 'VC'),
('K010', 'periode awal 2010', '0.84375400 1262244040', 'HZ1', 'HZ'),
('K012', 'periode awal 2010', '0.89062900 1262245284', 'HZ1', 'HZ'),
('K001', 'periode awal 2010', '0.20312900 1262241638', 'VC2', 'VC'),
('K005', 'periode awal 2010', '0.68750300 1262242911', 'HZ1', 'HZ'),
('K015', 'periode awal 2010', '0.28125300 1262245836', 'HZ1', 'HZ'),
('K024', 'periode awal 2010', '0.73437800 1262260761', 'HZ1', 'HZ'),
('K031', 'periode awal 2010', '0.79687800 1262308131', 'HZ1', 'HZ'),
('K016', 'periode awal 2010', '0.96875400 1262253836', 'HZ1', 'HZ'),
('K025', 'periode awal 2010', '0.68750300 1262260925', 'HZ1', 'HZ'),
('K007', 'periode awal 2010', '0.62500300 1262243298', 'HZ1', 'HZ'),
('K009', 'periode awal 2010', '0.35937800 1262243712', 'HZ1', 'HZ'),
('k032', 'periode awal 2010', '0.32812800 1262308430', 'HZ1', 'HZ'),
('K006', 'periode akhir 2010', '0.46875300 1262243062', 'HZ1', 'HZ'),
('K006', 'periode akhir 2010', '0.46875300 1262243062', 'HZ2', 'HZ'),
('K001', 'periode akhir 2010', '0.20312900 1262241638', 'VC1', 'VC'),
('K002', 'periode akhir 2010', '0.50000300 1262241962', 'VC2', 'VC'),
('K005', 'periode akhir 2010', '0.68750300 1262242911', 'HZ1', 'HZ'),
('K005', 'periode akhir 2010', '0.68750300 1262242911', 'HZ2', 'HZ'),
('K008', 'periode akhir 2010', '0.43750400 1262243521', 'HZ1', 'HZ'),
('K010', 'periode akhir 2010', '0.84375400 1262244040', 'HZ2', 'HZ'),
('K007', 'periode akhir 2010', '0.62500300 1262243298', 'HZ1', 'HZ'),
('K008', 'periode akhir 2010', '0.43750400 1262243521', 'HZ2', 'HZ'),
('K025', 'periode akhir 2010', '0.68750300 1262260925', 'HZ1', 'HZ'),
('K025', 'periode akhir 2010', '0.68750300 1262260925', 'HZ2', 'HZ'),
('k032', 'periode akhir 2010', '0.32812800 1262308430', 'HZ1', 'HZ'),
('k032', 'periode akhir 2010', '0.32812800 1262308430', 'HZ2', 'HZ'),
('K024', 'periode akhir 2010', '0.73437800 1262260761', 'HZ1', 'HZ'),
('K024', 'periode akhir 2010', '0.73437800 1262260761', 'HZ2', 'HZ'),
('K031', 'periode akhir 2010', '0.79687800 1262308131', 'HZ1', 'HZ'),
('K031', 'periode akhir 2010', '0.79687800 1262308131', 'HZ2', 'HZ');

-- --------------------------------------------------------

--
-- Table structure for table `relasi_div_jab_din`
--

CREATE TABLE IF NOT EXISTS `relasi_div_jab_din` (
  `KODE_KARYAWAN` varchar(10) NOT NULL,
  `TANGGAL_MENJABAT` date DEFAULT NULL,
  `TANGGAL_BERHENTI` date DEFAULT NULL,
  `ID_DEP_DIV_JAB` varchar(25) NOT NULL,
  PRIMARY KEY (`KODE_KARYAWAN`,`ID_DEP_DIV_JAB`)
) ENGINE=MyISAM DEFAULT CHARSET=latin1;

--
-- Dumping data for table `relasi_div_jab_din`
--

INSERT INTO `relasi_div_jab_din` (`KODE_KARYAWAN`, `TANGGAL_MENJABAT`, `TANGGAL_BERHENTI`, `ID_DEP_DIV_JAB`) VALUES
('k001', '2008-10-08', '0000-00-00', '0.20312900 1262241638'),
('K002', '2008-01-31', '0000-00-00', '0.50000300 1262241962'),
('K003', '0000-00-00', '0000-00-00', '0.96875300 1262242201'),
('k004', '2006-02-25', '0000-00-00', '0.48437800 1262242570'),
('k005', '2007-05-10', '0000-00-00', '0.68750300 1262242911'),
('K006', '2007-02-25', '0000-00-00', '0.46875300 1262243062'),
('K007', '2008-05-08', '0000-00-00', '0.62500300 1262243298'),
('K008', '2005-05-12', '0000-00-00', '0.43750400 1262243521'),
('k009', '2008-01-31', '0000-00-00', '0.35937800 1262243712'),
('k010', '2008-05-08', '0000-00-00', '0.84375400 1262244040'),
('K011', '2007-05-15', '0000-00-00', '0.78125300 1262244320'),
('K013', '2008-09-27', '0000-00-00', '0.75000400 1262245436'),
('K014', '2007-05-17', '0000-00-00', '0.64062900 1262245235'),
('K012', '2007-08-31', '0000-00-00', '0.89062900 1262245284'),
('K015', '2007-05-25', '0000-00-00', '0.28125300 1262245836'),
('k016', '2007-05-10', '0000-00-00', '0.96875400 1262253836'),
('K017', '2007-02-01', '0000-00-00', '0.81250400 1262255178'),
('k018', '2009-12-10', '0000-00-00', '0.68750400 1262255708'),
('k019', '2009-12-10', '0000-00-00', '0.79688000 1262259313'),
('K020', '2009-12-18', '0000-00-00', '0.51562800 1262259512'),
('K021', '2009-12-18', '0000-00-00', '0.79687900 1262259669'),
('K022', '0000-00-00', '0000-00-00', '0.89062800 1262259849'),
('k023', '2009-12-16', '0000-00-00', '0.78125300 1262260520'),
('K024', '2009-12-11', '0000-00-00', '0.73437800 1262260761'),
('K025', '2009-12-08', '0000-00-00', '0.68750300 1262260925'),
('K026', '2009-12-10', '0000-00-00', '0.12500300 1262261091'),
('K027', '2002-01-31', '0000-00-00', '0.21875300 1262305697'),
('K028', '2009-06-11', '0000-00-00', '0.06250300 1262305826'),
('K029', '2002-02-08', '0000-00-00', '0.53125300 1262307616'),
('K030', '2007-05-10', '0000-00-00', '0.70312800 1262307748'),
('K031', '2008-05-09', '0000-00-00', '0.79687800 1262308131'),
('k032', '2002-01-31', '0000-00-00', '0.32812800 1262308430'),
('K033', '2010-01-07', '0000-00-00', '0.73438600 1262308928'),
('K034', '2006-04-04', '0000-00-00', '0.00000300 1262309070'),
('K035', '2009-12-31', '0000-00-00', '0.53125300 1262309246'),
('K036', '2007-05-10', '0000-00-00', '0.79687900 1262313006'),
('K037', '2010-01-01', '0000-00-00', '0.51562800 1262676731');

-- --------------------------------------------------------

--
-- Table structure for table `relasi_golongan`
--

CREATE TABLE IF NOT EXISTS `relasi_golongan` (
  `ID_GOLONGAN` varchar(10) NOT NULL,
  `KODE_KARYAWAN` varchar(10) NOT NULL,
  `TANGGAL_MENJABAT` date DEFAULT NULL,
  `TANGGAL_BERHENTI` date DEFAULT NULL,
  PRIMARY KEY (`ID_GOLONGAN`,`KODE_KARYAWAN`)
) ENGINE=MyISAM DEFAULT CHARSET=latin1;

--
-- Dumping data for table `relasi_golongan`
--

INSERT INTO `relasi_golongan` (`ID_GOLONGAN`, `KODE_KARYAWAN`, `TANGGAL_MENJABAT`, `TANGGAL_BERHENTI`) VALUES
('GOL004', 'K002', '2002-02-01', '0000-00-00'),
('GOL001', 'k001', '2009-12-23', '0000-00-00'),
('GOL003', 'K003', '2009-09-24', '0000-00-00'),
('GOL003', 'k004', '2009-12-15', '0000-00-00'),
('GOL002', 'k005', '2009-12-17', '0000-00-00'),
('GOL002', 'K006', '2009-12-03', '0000-00-00'),
('GOL002', 'k009', '2009-12-17', '0000-00-00'),
('GOL003', 'k010', '2009-01-29', '0000-00-00'),
('GOL001', 'K011', '2009-12-30', '0000-00-00'),
('GOL004', 'K014', '0000-00-00', '0000-00-00'),
('GOL003', 'K015', '2009-12-09', '0000-00-00'),
('GOL001', 'k016', '2009-12-02', '0000-00-00'),
('GOL003', 'K017', '2006-05-25', '0000-00-00'),
('GOL003', 'k019', '2009-12-23', '0000-00-00'),
('GOL001', 'K020', '2009-12-17', '0000-00-00'),
('GOL003', 'K021', '0000-00-00', '0000-00-00'),
('GOL001', 'K022', '0000-00-00', '0000-00-00'),
('GOL003', 'k023', '2009-12-14', '0000-00-00'),
('GOL003', 'K024', '2009-12-14', '0000-00-00'),
('GOL002', 'K025', '2009-12-14', '0000-00-00'),
('GOL004', 'K026', '0000-00-00', '0000-00-00'),
('GOL003', 'K027', '2010-01-12', '0000-00-00'),
('GOL004', 'K028', '2010-01-04', '0000-00-00'),
('GOL003', 'K029', '2010-01-13', '0000-00-00'),
('GOL003', 'K030', '2010-01-20', '0000-00-00'),
('GOL003', 'K031', '2010-01-13', '0000-00-00'),
('GOL001', 'k032', '2010-01-14', '0000-00-00'),
('GOL002', 'K033', '2010-01-12', '0000-00-00'),
('GOL003', 'K034', '2010-01-12', '0000-00-00'),
('GOL003', 'K035', '2010-01-11', '0000-00-00'),
('GOL003', 'K036', '2010-01-15', '0000-00-00');

-- --------------------------------------------------------

--
-- Table structure for table `setting_periode`
--

CREATE TABLE IF NOT EXISTS `setting_periode` (
  `ID_PERIODE` varchar(100) NOT NULL,
  `PERIODE_AWAL` date DEFAULT NULL,
  `PERIODE_AKHIR` date DEFAULT NULL,
  `BOBOT_VERTIKAL` int(11) DEFAULT NULL,
  `BOBOT_HORIZONTAL` int(11) DEFAULT NULL,
  `LEVEL_VERTIKAL` int(11) DEFAULT NULL,
  `LEVEL_HORIZONTAL` int(11) DEFAULT NULL,
  `BATAS_AWAL_PENILAIAN` date DEFAULT NULL,
  `BATAS_AKHIR_PENILAIAN` date DEFAULT NULL,
  PRIMARY KEY (`ID_PERIODE`),
  UNIQUE KEY `STOR_1445_PK` (`ID_PERIODE`)
) ENGINE=MyISAM DEFAULT CHARSET=latin1;

--
-- Dumping data for table `setting_periode`
--

INSERT INTO `setting_periode` (`ID_PERIODE`, `PERIODE_AWAL`, `PERIODE_AKHIR`, `BOBOT_VERTIKAL`, `BOBOT_HORIZONTAL`, `LEVEL_VERTIKAL`, `LEVEL_HORIZONTAL`, `BATAS_AWAL_PENILAIAN`, `BATAS_AKHIR_PENILAIAN`) VALUES
('periode awal 2010', '2010-01-01', '2010-05-01', 60, 40, 2, 1, '2010-01-03', '2010-04-01'),
('periode akhir 2010', '2010-05-02', '2010-12-01', 50, 50, 2, 2, '2010-01-01', '2010-11-01');

-- --------------------------------------------------------

--
-- Table structure for table `status_karyawan`
--

CREATE TABLE IF NOT EXISTS `status_karyawan` (
  `ID_STATUS_KARYAWAN` varchar(10) NOT NULL,
  `NAMA_STATUS` varchar(30) DEFAULT NULL,
  PRIMARY KEY (`ID_STATUS_KARYAWAN`),
  UNIQUE KEY `STATUS_KARYAWAN_PK` (`ID_STATUS_KARYAWAN`)
) ENGINE=MyISAM DEFAULT CHARSET=latin1;

--
-- Dumping data for table `status_karyawan`
--

INSERT INTO `status_karyawan` (`ID_STATUS_KARYAWAN`, `NAMA_STATUS`) VALUES
('STAT001', 'AKTIF'),
('STAT002', 'NON AKTIF'),
('STAT003', 'CUTI'),
('STAT004', 'STUDI BANDING KE EROPA'),
('STAT005', 'STUDI BANDING KE YOGYAKARTA'),
('STAT006', 'CUTI HAMIL');

-- --------------------------------------------------------

--
-- Table structure for table `telpon`
--

CREATE TABLE IF NOT EXISTS `telpon` (
  `KODE_KARYAWAN` varchar(10) NOT NULL,
  `NO_TELPON` varchar(20) NOT NULL,
  PRIMARY KEY (`KODE_KARYAWAN`,`NO_TELPON`),
  UNIQUE KEY `TELPON_PK` (`NO_TELPON`),
  KEY `RELATION_220_FK` (`KODE_KARYAWAN`)
) ENGINE=MyISAM DEFAULT CHARSET=latin1;

--
-- Dumping data for table `telpon`
--

INSERT INTO `telpon` (`KODE_KARYAWAN`, `NO_TELPON`) VALUES
('k001', '2147483647'),
('K002', '93289823'),
('K003', '94993993'),
('k004', '938493'),
('k005', '777777'),
('K006', '98989898'),
('K007', '32432423'),
('K008', '93249385'),
('k009', '8543893'),
('k010', '328493453'),
('K011', '375843785'),
('K013', '39454305'),
('K014', '394934543'),
('K015', '93894359'),
('k016', '787534843'),
('K017', '866798888'),
('k018', '89437854'),
('k019', '44444'),
('K020', '332435435'),
('K037', '824839438');
